<?xml version="1.0" encoding="UTF-8"?>
<!DOCTYPE us-patent-application SYSTEM "us-patent-application-v46-2022-02-17.dtd" [ ]>
<us-patent-application lang="EN" dtd-version="v4.6 2022-02-17" file="US20230225400A1-20230720.XML" status="PRODUCTION" id="us-patent-application" country="US" date-produced="20230704" date-publ="20230720">
<us-bibliographic-data-application lang="EN" country="US">
<publication-reference>
<document-id>
<country>US</country>
<doc-number>20230225400</doc-number>
<kind>A1</kind>
<date>20230720</date>
</document-id>
</publication-reference>
<application-reference appl-type="utility">
<document-id>
<country>US</country>
<doc-number>17578475</doc-number>
<date>20220119</date>
</document-id>
</application-reference>
<us-application-series-code>17</us-application-series-code>
<classifications-ipcr>
<classification-ipcr>
<ipc-version-indicator><date>20060101</date></ipc-version-indicator>
<classification-level>A</classification-level>
<section>A</section>
<class>24</class>
<subclass>F</subclass>
<main-group>40</main-group>
<subgroup>42</subgroup>
<symbol-position>F</symbol-position>
<classification-value>I</classification-value>
<action-date><date>20230720</date></action-date>
<generating-office><country>US</country></generating-office>
<classification-status>B</classification-status>
<classification-data-source>H</classification-data-source>
</classification-ipcr>
</classifications-ipcr>
<classifications-cpc>
<main-cpc>
<classification-cpc>
<cpc-version-indicator><date>20200101</date></cpc-version-indicator>
<section>A</section>
<class>24</class>
<subclass>F</subclass>
<main-group>40</main-group>
<subgroup>42</subgroup>
<symbol-position>F</symbol-position>
<classification-value>I</classification-value>
<action-date><date>20230720</date></action-date>
<generating-office><country>US</country></generating-office>
<classification-status>B</classification-status>
<classification-data-source>H</classification-data-source>
<scheme-origination-code>C</scheme-origination-code>
</classification-cpc>
</main-cpc>
</classifications-cpc>
<invention-title id="d2e43">Volcano Extract Bowl</invention-title>
<us-parties>
<us-applicants>
<us-applicant sequence="00" app-type="applicant" designation="us-only">
<addressbook>
<last-name>Chwaja</last-name>
<first-name>Michal</first-name>
<address>
<city>Coquitlam</city>
<country>CA</country>
</address>
</addressbook>
<residence>
<country>CA</country>
</residence>
</us-applicant>
</us-applicants>
<inventors>
<inventor sequence="00" designation="us-only">
<addressbook>
<last-name>Chwaja</last-name>
<first-name>Michal</first-name>
<address>
<city>Coquitlam</city>
<country>CA</country>
</address>
</addressbook>
</inventor>
</inventors>
</us-parties>
</us-bibliographic-data-application>
<abstract id="abstract">
<p id="p-0001" num="0000">This invention transforms the Storz &#x26; Bickel Volcano Vaporizer into a Vaporizer that can Vaporize extracts like Rosin, Shatter, oils, Budder, wax, etc. Essentially, this invention is a Volcano Extract Bowl. The measurements for this invention are 13 mm high and 27 mm wide circular Glass Bowl with an elevated circular 9 mm wide hole directly in the middle where hot air (446 F) can pass through. The circular 9 mm wide hole is elevated to a height of and a Flow Diverting Cap removable secured is placed on top of the elevated hole. The Flow Diverting Cap is 16.6 mm wide circular metal flat top cap with a spring loaded circular eight-legged 7.7 mm long Fixing Clip that allows hot air to be easily diverted through the eight 2.8 mm wide slit openings located in between each spring-loaded clip leg. Each clip leg is 2.5 mm wide, arranged around the circumference of the bottom of the circular flat top and are extending down to a length of 7.7 mm. The extract is placed inside the 27 mm wide Glass Bowl inside wall and the outside wall of the 11 mm elevated circular 9 mm wide hole. You place the Volcano Extract Bowl inside the Volcano Chamber Housing and place the Volcano Chamber Housing with the Volcano Extract Bowl inside, on top of the Storz &#x26; Beckel Volcano Vaporizer heating core. When the (446 F) degree air pushes out of the Volcano Vaporizer heating core and through the elevated hole, it gets diverted by the Flow Diverting Cap causing maximum turbulence and heat exchange. Due to this process the inside of the Volcano Vaporizer Chamber Housing heats up to (446 F) and simultaneously heats up the Volcano Extract Bowl and the extract in it to the same degree, causing the extract to vaporiie. The vaporized extract vapers get pushed out of the Volcano Vaporizers Chamber Housing Exhaust.</p>
</abstract>
<drawings id="DRAWINGS">
<figure id="Fig-EMI-D00000" num="00000">
<img id="EMI-D00000" he="87.29mm" wi="94.74mm" file="US20230225400A1-20230720-D00000.TIF" alt="embedded image" img-content="drawing" img-format="tif"/>
</figure>
<figure id="Fig-EMI-D00001" num="00001">
<img id="EMI-D00001" he="149.35mm" wi="126.75mm" file="US20230225400A1-20230720-D00001.TIF" alt="embedded image" img-content="drawing" img-format="tif"/>
</figure>
<figure id="Fig-EMI-D00002" num="00002">
<img id="EMI-D00002" he="152.82mm" wi="114.05mm" orientation="landscape" file="US20230225400A1-20230720-D00002.TIF" alt="embedded image" img-content="drawing" img-format="tif"/>
</figure>
<figure id="Fig-EMI-D00003" num="00003">
<img id="EMI-D00003" he="137.41mm" wi="123.02mm" orientation="landscape" file="US20230225400A1-20230720-D00003.TIF" alt="embedded image" img-content="drawing" img-format="tif"/>
</figure>
<figure id="Fig-EMI-D00004" num="00004">
<img id="EMI-D00004" he="205.06mm" wi="99.82mm" file="US20230225400A1-20230720-D00004.TIF" alt="embedded image" img-content="drawing" img-format="tif"/>
</figure>
<figure id="Fig-EMI-D00005" num="00005">
<img id="EMI-D00005" he="106.43mm" wi="137.92mm" file="US20230225400A1-20230720-D00005.TIF" alt="embedded image" img-content="drawing" img-format="tif"/>
</figure>
<figure id="Fig-EMI-D00006" num="00006">
<img id="EMI-D00006" he="139.62mm" wi="122.51mm" orientation="landscape" file="US20230225400A1-20230720-D00006.TIF" alt="embedded image" img-content="drawing" img-format="tif"/>
</figure>
<figure id="Fig-EMI-D00007" num="00007">
<img id="EMI-D00007" he="161.37mm" wi="112.27mm" orientation="landscape" file="US20230225400A1-20230720-D00007.TIF" alt="embedded image" img-content="drawing" img-format="tif"/>
</figure>
<figure id="Fig-EMI-D00008" num="00008">
<img id="EMI-D00008" he="176.78mm" wi="101.09mm" orientation="landscape" file="US20230225400A1-20230720-D00008.TIF" alt="embedded image" img-content="drawing" img-format="tif"/>
</figure>
<figure id="Fig-EMI-D00009" num="00009">
<img id="EMI-D00009" he="111.17mm" wi="96.77mm" file="US20230225400A1-20230720-D00009.TIF" alt="embedded image" img-content="drawing" img-format="tif"/>
</figure>
<figure id="Fig-EMI-D00010" num="00010">
<img id="EMI-D00010" he="106.26mm" wi="117.86mm" file="US20230225400A1-20230720-D00010.TIF" alt="embedded image" img-content="drawing" img-format="tif"/>
</figure>
<figure id="Fig-EMI-D00011" num="00011">
<img id="EMI-D00011" he="115.74mm" wi="104.73mm" file="US20230225400A1-20230720-D00011.TIF" alt="embedded image" img-content="drawing" img-format="tif"/>
</figure>
<figure id="Fig-EMI-D00012" num="00012">
<img id="EMI-D00012" he="106.51mm" wi="96.35mm" file="US20230225400A1-20230720-D00012.TIF" alt="embedded image" img-content="drawing" img-format="tif"/>
</figure>
<figure id="Fig-EMI-D00013" num="00013">
<img id="EMI-D00013" he="142.92mm" wi="114.30mm" file="US20230225400A1-20230720-D00013.TIF" alt="embedded image" img-content="drawing" img-format="tif"/>
</figure>
<figure id="Fig-EMI-D00014" num="00014">
<img id="EMI-D00014" he="119.80mm" wi="152.82mm" file="US20230225400A1-20230720-D00014.TIF" alt="embedded image" img-content="drawing" img-format="tif"/>
</figure>
<figure id="Fig-EMI-D00015" num="00015">
<img id="EMI-D00015" he="117.26mm" wi="152.65mm" file="US20230225400A1-20230720-D00015.TIF" alt="embedded image" img-content="drawing" img-format="tif"/>
</figure>
<figure id="Fig-EMI-D00016" num="00016">
<img id="EMI-D00016" he="138.09mm" wi="152.57mm" file="US20230225400A1-20230720-D00016.TIF" alt="embedded image" img-content="drawing" img-format="tif"/>
</figure>
</drawings>
<description id="description">
<?summary-of-invention description="Summary of Invention" end="lead"?>
<p id="p-0002" num="0001">This invention transforms the Storz &#x26; Bickel Volcano Vaporizer into a Vaporizer that can Vaporize extracts like Rosin, Shatter, oils, Budder, wax, etc. Essentially, this invention is a Volcano Extract Bowl. The measurements for this invention are 1.5 cm high and 2.5 cm wide circular Glass Bowl with an elevated circular 1 cm wide hole directly in the middle where hot air (465 F) can pass through. The circular 1 cm wide hole is elevated to a height of 1 cm and a Flow Diverting Cap removable secured is placed on top of the elevated hole. The Flow Diverting Cap is 1.7 cm wide circular metal flat top cap with a spring loaded circular eight-legged 0.7 cm long Fixing Clip that allows hot air to be easily diverted through the eight 0.2 cm wide slit openings located in between each spring-loaded clip leg. Each clip leg is arranged around the circumference of the bottom of the circular flat top and are extending down to a length of 0.7 cm. The extract is placed inside the 2.5 cm wide Glass Bowl inside wall and the outside wall of the 1 cm elevated circular 1 cm wide hole. You place the Volcano Extract Bowl on top of the Storz &#x26; Beckel Volcano heating core, and you place the Volcano Vaporizer Chamber Housing over top. When the (465 F) degree air pushes out of the Volcano Vaporizer heating core and through the elevated hole, it gets diverted by the Flow Diverting Cap causing maximum turbulence and heat exchange. Due to this process the inside of the Volcano Vaporizer Chamber Housing heats up to (465 F) and simultaneously heats up the Volcano Extract Bowl and the extract in it to the same degree, causing the extract to vaporize. The vaporized extract vapers get pushed out of the Volcano Vaporizers Chamber Housing Exhaust.</p>
<?summary-of-invention description="Summary of Invention" end="tail"?>
<?detailed-description description="Detailed Description" end="lead"?>
<heading id="h-0001" level="1">FIGURE DESCRIPTIONS</heading>
<p id="p-0003" num="0002">In &#x201c;<figref idref="DRAWINGS">FIG. <b>1</b></figref>&#x201d; we have a front view of the Volcano Extract Bowl. In &#x201c;<figref idref="DRAWINGS">FIG. <b>2</b></figref>&#x201d; we have an elevated front view of the Extract Bowl and the Flow Diverting Cap removed. In &#x201c;<figref idref="DRAWINGS">FIG. <b>3</b></figref>&#x201d; we have an elevated front left view of the Extract Bowl and the Flow Diverting Cap removed. In &#x201c;<figref idref="DRAWINGS">FIG. <b>4</b></figref>&#x201d; we have an elevated side view of the Extract Bowl and the Diverting Cap removed. In &#x201c;<figref idref="DRAWINGS">FIG. <b>5</b></figref>&#x201d; we have a front view of the Flow Diverting Cap. In &#x201c;<figref idref="DRAWINGS">FIG. <b>6</b></figref>&#x201d; we have an elevated front left view of the Extract Bowl and the Flow Diverting Cap upside down and removed. In &#x201c;<figref idref="DRAWINGS">FIG. <b>7</b></figref>&#x201d; we have a top view of the Extract Bowl and the Flow Diverting Cap removed. In &#x201c;<figref idref="DRAWINGS">FIG. <b>8</b></figref>&#x201d; we have an elevated front view of the Extract Bowl and the Flow Diverting Cap removed. In &#x201c;<figref idref="DRAWINGS">FIG. <b>9</b></figref>&#x201d; we have a front view of the Volcano Extract Bowl. In &#x201c;<figref idref="DRAWINGS">FIG. <b>10</b></figref>&#x201d; we have an elevated back right view of the Volcano Extract Bowl placed on its side. In &#x201c;<figref idref="DRAWINGS">FIG. <b>11</b></figref>&#x201d; we have an elevated front right view of the Volcano Extract Bowl placed on its side. In &#x201c;<figref idref="DRAWINGS">FIG. <b>12</b></figref>&#x201d; we have an elevated front view of the Volcano Extract Bowl placed on its side. In &#x201c;<figref idref="DRAWINGS">FIG. <b>13</b></figref>&#x201d; we have a front view of the Volcano Extract Bowl placed on the Volcano Vaporizer Heating Core with the Volcano Chamber Housing removed. In &#x201c;<figref idref="DRAWINGS">FIG. <b>14</b></figref>&#x201d; we have an elevated front view of the Volcano Extract Bowl placed on Volcano Vaporizer Heating Core. In &#x201c;<figref idref="DRAWINGS">FIG. <b>15</b></figref>&#x201d; we have an elevated front view of the Volcano Extract Bowl placed on the Volcano Vaporizer Heating Core with the bottom part of the Volcano Chamber Housing over top the Volcano Extract Bowl. In &#x201c;<figref idref="DRAWINGS">FIG. <b>16</b></figref>&#x201d; we have an elevated front view of the Volcano Chamber Housing over top and covering the Volcano Extract Bowl and the Volcano Heating Core.</p>
<?detailed-description description="Detailed Description" end="tail"?>
</description>
<claims id="claims">
<claim id="CLM-00001" num="00001">
<claim-text><b>1</b>. A glass bowl member with an elevated hole. An elevated hole member secured to said glass bowl. A Flow Diverting Cap member removably secured to said top of said elevated hole.</claim-text>
</claim>
</claims>
</us-patent-application>
