<?xml version="1.0" encoding="UTF-8"?>
<!DOCTYPE us-patent-application SYSTEM "us-patent-application-v46-2022-02-17.dtd" [ ]>
<us-patent-application lang="EN" dtd-version="v4.6 2022-02-17" file="US20230225275A1-20230720.XML" status="PRODUCTION" id="us-patent-application" country="US" date-produced="20230704" date-publ="20230720">
<us-bibliographic-data-application lang="EN" country="US">
<publication-reference>
<document-id>
<country>US</country>
<doc-number>20230225275</doc-number>
<kind>A1</kind>
<date>20230720</date>
</document-id>
</publication-reference>
<application-reference appl-type="utility">
<document-id>
<country>US</country>
<doc-number>17579172</doc-number>
<date>20220119</date>
</document-id>
</application-reference>
<us-application-series-code>17</us-application-series-code>
<classifications-ipcr>
<classification-ipcr>
<ipc-version-indicator><date>20060101</date></ipc-version-indicator>
<classification-level>A</classification-level>
<section>A</section>
<class>01</class>
<subclass>H</subclass>
<main-group>6</main-group>
<subgroup>82</subgroup>
<symbol-position>F</symbol-position>
<classification-value>I</classification-value>
<action-date><date>20230720</date></action-date>
<generating-office><country>US</country></generating-office>
<classification-status>B</classification-status>
<classification-data-source>H</classification-data-source>
</classification-ipcr>
<classification-ipcr>
<ipc-version-indicator><date>20060101</date></ipc-version-indicator>
<classification-level>A</classification-level>
<section>A</section>
<class>01</class>
<subclass>H</subclass>
<main-group>5</main-group>
<subgroup>08</subgroup>
<symbol-position>L</symbol-position>
<classification-value>I</classification-value>
<action-date><date>20230720</date></action-date>
<generating-office><country>US</country></generating-office>
<classification-status>B</classification-status>
<classification-data-source>H</classification-data-source>
</classification-ipcr>
</classifications-ipcr>
<classifications-cpc>
<main-cpc>
<classification-cpc>
<cpc-version-indicator><date>20180501</date></cpc-version-indicator>
<section>A</section>
<class>01</class>
<subclass>H</subclass>
<main-group>6</main-group>
<subgroup>822</subgroup>
<symbol-position>F</symbol-position>
<classification-value>I</classification-value>
<action-date><date>20230720</date></action-date>
<generating-office><country>US</country></generating-office>
<classification-status>B</classification-status>
<classification-data-source>H</classification-data-source>
<scheme-origination-code>C</scheme-origination-code>
</classification-cpc>
</main-cpc>
<further-cpc>
<classification-cpc>
<cpc-version-indicator><date>20130101</date></cpc-version-indicator>
<section>A</section>
<class>01</class>
<subclass>H</subclass>
<main-group>5</main-group>
<subgroup>08</subgroup>
<symbol-position>L</symbol-position>
<classification-value>I</classification-value>
<action-date><date>20230720</date></action-date>
<generating-office><country>US</country></generating-office>
<classification-status>B</classification-status>
<classification-data-source>H</classification-data-source>
<scheme-origination-code>C</scheme-origination-code>
</classification-cpc>
</further-cpc>
</classifications-cpc>
<invention-title id="d2e43">Pepper Hybrid SVPB3274 and Parents Thereof</invention-title>
<us-parties>
<us-applicants>
<us-applicant sequence="00" app-type="applicant" designation="us-only" applicant-authority-category="obligated-assignee">
<addressbook>
<orgname>Seminis Vegetable Seeds, Inc.</orgname>
<address>
<city>St. Louis</city>
<state>MO</state>
<country>US</country>
</address>
</addressbook>
<residence>
<country>US</country>
</residence>
</us-applicant>
</us-applicants>
<inventors>
<inventor sequence="00" designation="us-only">
<addressbook>
<last-name>Just</last-name>
<first-name>Brian J.</first-name>
<address>
<city>Fort Myers</city>
<state>FL</state>
<country>US</country>
</address>
</addressbook>
</inventor>
</inventors>
</us-parties>
</us-bibliographic-data-application>
<abstract id="abstract">
<p id="p-0001" num="0000">The invention provides seeds and plants of pepper hybrid SVPB3274, pepper line SBR-8T18-6549, and pepper line SBR-8T18-6550. The invention thus relates to the plants, seeds, plant parts, and tissue cultures of pepper hybrid SVPB3274, pepper line SBR-8T18-6549, and pepper line SBR-8T18-6550 and to methods for producing a pepper plant produced by crossing such plants with themselves or with another plant, such as a pepper plant of another genotype. The invention further relates to seeds and plants produced by such crossing. The invention further relates to plants, seeds, plant parts, and tissue cultures of pepper hybrid pepper hybrid SVPB3274, pepper line SBR-8T18-6549, and pepper line SBR-8T18-6550 comprising introduced beneficial or desirable traits.</p>
</abstract>
<description id="description">
<?summary-of-invention description="Summary of Invention" end="lead"?>
<heading id="h-0001" level="1">FIELD OF THE INVENTION</heading>
<p id="p-0002" num="0001">The present invention relates to the field of plant breeding and, more specifically, to the development of pepper hybrid SVPB3274 and pepper lines SBR-8T18-6549 and SBR-8T18-6550.</p>
<heading id="h-0002" level="1">BACKGROUND OF THE INVENTION</heading>
<p id="p-0003" num="0002">The goal of vegetable breeding is to combine various desirable traits in a single variety. Such desirable traits may include any trait deemed beneficial or desirable by a grower or consumer, including greater yield, resistance to insects or disease, tolerance to environmental stress, and nutritional value.</p>
<p id="p-0004" num="0003">Breeding techniques take advantage of a plant's method of pollination. There are two general methods of pollination: a plant self-pollinates if pollen from one flower is transferred to the same or another flower of the same plant or plant variety. A plant cross-pollinates if pollen comes to it from a flower of a different plant variety.</p>
<p id="p-0005" num="0004">Plants that have been self-pollinated and selected for type over many generations become homozygous at almost all genetic loci and produce a uniform population of true breeding progeny, a homozygous plant. A cross between two such homozygous plants of different genotypes produces a uniform population of hybrid plants that are heterozygous for many genetic loci. Conversely, a cross of two plants each heterozygous at a number of loci produces a population of hybrid plants that differ genetically and are not uniform. The resulting non-uniformity makes performance unpredictable.</p>
<p id="p-0006" num="0005">The development of uniform varieties requires the development of homozygous inbred plants, the crossing of these inbred plants, and the evaluation of the crosses. Pedigree breeding and recurrent selection are examples of breeding methods that have been used to develop inbred plants from breeding populations. Those breeding methods combine the genetic backgrounds from two or more plants or various other broad-based sources into breeding pools from which new lines and hybrids derived therefrom are developed by selfing and selection of desired phenotypes. The new lines and hybrids are evaluated to determine which of those have commercial potential.</p>
<heading id="h-0003" level="1">SUMMARY OF THE INVENTION</heading>
<p id="p-0007" num="0006">In one aspect, the present invention provides a pepper plant of hybrid SVPB3274, line SBR-8T18-6549, or line SBR-8T18-6550. Also provided are pepper plants having all the physiological and morphological characteristics of such a plant. Parts of these pepper plants are also provided, for example, including pollen, an ovule, an embryo, a seed, a scion, a rootstock, a fruit, and a cell of the plant.</p>
<p id="p-0008" num="0007">In another aspect of the invention, a plant of pepper hybrid SVPB3274, pepper line SBR-8T18-6549, or pepper line SBR-8T18-6550 comprising an added heritable trait is provided. The heritable trait may comprise a genetic locus that is, for example, a dominant or recessive allele. In one embodiment of the invention, a plant of pepper hybrid SVPB3274, pepper line SBR-8T18-6549, or pepper line SBR-8T18-6550 is defined as comprising a single locus conversion. In specific embodiments of the invention, an added genetic locus confers one or more traits such as, for example, herbicide tolerance, insect resistance, disease resistance, and modified carbohydrate metabolism. In further embodiments, the trait may be conferred by a naturally occurring gene introduced into the genome of a line by backcrossing, a natural or induced mutation, or a transgene introduced through genetic transformation techniques into the plant or a progenitor of any previous generation thereof. When introduced through transformation, a genetic locus may comprise one or more genes integrated at a single chromosomal location.</p>
<p id="p-0009" num="0008">In some embodiments, a single locus conversion includes one or more site-specific changes to the plant genome, such as, without limitation, one or more nucleotide modifications, deletions, or insertions. A single locus may comprise one or more genes or nucleotides integrated or mutated at a single chromosomal location. In one embodiment, a single locus conversion may be introduced by a genetic engineering technique, methods of which include, for example, genome editing with engineered nucleases (GEEN). Engineered nucleases include, but are not limited to, Cas endonucleases; zinc finger nucleases (ZFNs); transcription activator-like effector nucleases (TALENs); engineered meganucleases, also known as homing endonucleases; and other endonucleases for DNA or RNA-guided genome editing that are well-known to the skilled artisan.</p>
<p id="p-0010" num="0009">The invention also concerns the seed of pepper hybrid SVPB3274, pepper line SBR-8T18-6549, or pepper line SBR-8T18-6550. The seed of the invention may be provided as an essentially homogeneous population of seed of pepper hybrid SVPB3274, pepper line SBR-8T18-6549, or pepper line SBR-8T18-6550. Essentially homogeneous populations of seed are generally free from substantial numbers of other seed. Therefore, seed of pepper hybrid SVPB3274, pepper line SBR-8T18-6549, or pepper line SBR-8T18-6550 may be defined as forming at least about 97% of the total seed, including at least about 98%, 99%, or more of the seed. The seed population may be separately grown to provide an essentially homogeneous population of pepper plants designated SVPB3274, SBR-8T18-6549, SBR-8T18-6550.</p>
<p id="p-0011" num="0010">In yet another aspect of the invention, a tissue culture of regenerable cells of a pepper plant of hybrid SVPB3274, line SBR-8T18-6549, or line SBR-8T18-6550 is provided. The tissue culture will preferably be capable of regenerating pepper plants capable of expressing all of the physiological and morphological characteristics of the starting plant and of regenerating plants having substantially the same genotype as the starting plant. Examples of some of the physiological and morphological characteristics of pepper hybrid SVPB3274, pepper line SBR-8T18-6549, or pepper line SBR-8T18-6550 include those traits set forth in the table herein. The regenerable cells in such tissue cultures may be derived, for example, from embryos, meristems, cotyledons, pollen, leaves, anthers, roots, root tips, pistils, flowers, seed, and stalks. Still further, the present invention provides pepper plants regenerated from a tissue culture of the invention, the plants having all the physiological and morphological characteristics of pepper hybrid SVPB3274, pepper line SBR-8T18-6549, or pepper line SBR-8T18-6550.</p>
<p id="p-0012" num="0011">In still yet another aspect of the invention, processes are provided for producing pepper seeds, plants, and fruit, which processes generally comprise crossing a first parent pepper plant with a second parent pepper plant, wherein at least one of the first or second parent plants is a plant of pepper line SBR-8T18-6549 or pepper line SBR-8T18-6550. These processes may be further exemplified as processes for preparing hybrid pepper seed or plants, wherein a first pepper plant is crossed with a second pepper plant of a different, distinct genotype to provide a hybrid that has, as one of its parents, a plant of pepper line SBR-8T18-6549 or pepper line SBR-8T18-6550. In these processes, crossing will result in the production of seed. The seed production occurs regardless of whether the seed is collected or not.</p>
<p id="p-0013" num="0012">In one embodiment of the invention, the first step in &#x201c;crossing&#x201d; comprises planting seeds of a first and second parent pepper plant, often in proximity so that pollination will occur for example, mediated by insect vectors. Alternatively, pollen can be transferred manually. Where the plant is self-pollinated, pollination may occur without the need for direct human intervention other than plant cultivation.</p>
<p id="p-0014" num="0013">A second step may comprise cultivating or growing the seeds of first and second parent pepper plants into plants that bear flowers. A third step may comprise preventing self-pollination of the plants, such as by emasculating the flowers (i.e., killing or removing the pollen).</p>
<p id="p-0015" num="0014">A fourth step for a hybrid cross may comprise cross-pollination between the first and second parent pepper plants. Yet another step comprises harvesting the seeds from at least one of the parent pepper plants. The harvested seed can be grown to produce a pepper plant or hybrid pepper plant.</p>
<p id="p-0016" num="0015">The present invention also provides the pepper seeds and plants produced by a process that comprises crossing a first parent pepper plant with a second parent pepper plant, wherein at least one of the first or second parent pepper plants is a plant of pepper hybrid SVPB3274, pepper line SBR-8T18-6549, or pepper line SBR-8T18-6550. In one embodiment of the invention, pepper seed and plants produced by the process are first generation (F<sub>1</sub>) hybrid pepper seed and plants produced by crossing a plant in accordance with the invention with another, distinct plant. The present invention further contemplates plant parts of such an F<sub>1 </sub>hybrid pepper plant, and methods of use thereof. Therefore, certain exemplary embodiments of the invention provide an F<sub>1 </sub>hybrid pepper plant and seed thereof.</p>
<p id="p-0017" num="0016">In still yet another aspect, the present invention provides a method of producing a plant derived from pepper hybrid SVPB3274, pepper line SBR-8T18-6549, or pepper line SBR-8T18-6550, the method comprising the steps of: (a) preparing a progeny plant derived from pepper hybrid SVPB3274, pepper line SBR-8T18-6549, or pepper line SBR-8T18-6550, wherein said preparing comprises crossing a plant of pepper hybrid SVPB3274, pepper line SBR-8T18-6549, or pepper line SBR-8T18-6550 with a second plant; and (b) crossing the progeny plant with itself or a second plant to produce a seed of a progeny plant of a subsequent generation. In further embodiments, the method may additionally comprise: (c) growing a progeny plant of a subsequent generation from said seed of a progeny plant of a subsequent generation and crossing the progeny plant of a subsequent generation with itself or a second plant; and repeating the steps for an additional 3-10 generations to produce a plant derived from pepper hybrid SVPB3274, pepper line SBR-8T18-6549, or pepper line SBR-8T18-6550. The plant derived from pepper hybrid SVPB3274, pepper line SBR-8T18-6549, or pepper line SBR-8T18-6550 may be an inbred line, and the aforementioned repeated crossing steps may be defined as comprising sufficient inbreeding to produce the inbred line. In the method, it may be desirable to select particular plants resulting from step (c) for continued crossing according to steps (b) and (c). By selecting plants having one or more desirable traits, a plant derived from pepper hybrid SVPB3274, pepper line SBR-8T18-6549, or pepper line SBR-8T18-6550 is obtained which possesses some of the desirable traits of the line/hybrid as well as potentially other selected traits.</p>
<p id="p-0018" num="0017">In certain embodiments, the present invention provides a method of producing food or feed comprising: (a) obtaining a plant of pepper hybrid SVPB3274, pepper line SBR-8T18-6549, or pepper line SBR-8T18-6550, wherein the plant has been cultivated to maturity, and (b) collecting at least one pepper from the plant.</p>
<p id="p-0019" num="0018">In still yet another aspect of the invention, the genetic complement of pepper hybrid SVPB3274, pepper line SBR-8T18-6549, or pepper line SBR-8T18-6550 is provided. The phrase &#x201c;genetic complement&#x201d; is used to refer to the aggregate of nucleotide sequences, the expression of which sequences defines the phenotype of, in the present case, a pepper plant, or a cell or tissue of that plant. A genetic complement thus represents the genetic makeup of a cell, tissue or plant, and a hybrid genetic complement represents the genetic make-up of a hybrid cell, tissue or plant. The invention thus provides pepper plant cells that have a genetic complement in accordance with the pepper plant cells disclosed herein, and seeds and plants containing such cells.</p>
<p id="p-0020" num="0019">Plant genetic complements may be assessed by genetic marker profiles, and by the expression of phenotypic traits that are characteristic of the expression of the genetic complement, e.g., isozyme typing profiles. It is understood that pepper hybrid SVPB3274, pepper line SBR-8T18-6549, or pepper line SBR-8T18-6550 could be identified by any of the many well-known techniques such as, for example, Simple Sequence Length Polymorphisms (SSLPs) (Williams et al., <i>Nucleic Acids Res., </i>1 8:6531-6535, 1990), Randomly Amplified Polymorphic DNAs (RAPDs), DNA Amplification Fingerprinting (DAF), Sequence Characterized Amplified Regions (SCARs), Arbitrary Primed Polymerase Chain Reaction (AP-PCR), Amplified Fragment Length Polymorphisms (AFLPs) (EP 534 858, specifically incorporated herein by reference in its entirety), and Single Nucleotide Polymorphisms (SNPs) (Wang et al., <i>Science, </i>280:1077-1082, 1998).</p>
<p id="p-0021" num="0020">In still yet another aspect, the present invention provides hybrid genetic complements, as represented by pepper plant cells, tissues, plants, and seeds, formed by the combination of a haploid genetic complement of a pepper plant of the invention with a haploid genetic complement of a second pepper plant, preferably, another, distinct pepper plant. In another aspect, the present invention provides a pepper plant regenerated from a tissue culture that comprises a hybrid genetic complement of this invention.</p>
<p id="p-0022" num="0021">Any embodiment discussed herein with respect to one aspect of the invention applies to other aspects of the invention as well, unless specifically noted.</p>
<p id="p-0023" num="0022">The term &#x201c;about&#x201d; is used to indicate that a value includes the standard deviation of the mean for the device or method being employed to determine the value. The use of the term &#x201c;or&#x201d; in the claims is used to mean &#x201c;and/or&#x201d; unless explicitly indicated to refer to alternatives only or the alternatives are mutually exclusive. When used in conjunction with the word &#x201c;comprising&#x201d; or other open language in the claims, the words &#x201c;a&#x201d; and &#x201c;an&#x201d; denote &#x201c;one or more,&#x201d; unless specifically noted otherwise. The terms &#x201c;comprise,&#x201d; &#x201c;have,&#x201d; and &#x201c;include&#x201d; are open-ended linking verbs. Any forms or tenses of one or more of these verbs, such as &#x201c;comprises,&#x201d; &#x201c;comprising,&#x201d; &#x201c;has,&#x201d; &#x201c;having,&#x201d; &#x201c;includes,&#x201d; and &#x201c;including,&#x201d; are also open-ended. For example, any method that &#x201c;comprises,&#x201d; &#x201c;has,&#x201d; or &#x201c;includes&#x201d; one or more steps is not limited to possessing only those one or more steps and also covers other unlisted steps. Similarly, any plant that &#x201c;comprises,&#x201d; &#x201c;has,&#x201d; or &#x201c;includes&#x201d; one or more traits is not limited to possessing only those one or more traits and covers other unlisted traits.</p>
<p id="p-0024" num="0023">Other objects, features, and advantages of the present invention will become apparent from the following detailed description. It should be understood, however, that the detailed description and any specific examples provided, while indicating specific embodiments of the invention, are given by way of illustration only, since various changes and modifications within the spirit and scope of the invention will become apparent to those skilled in the art from this detailed description.</p>
<?summary-of-invention description="Summary of Invention" end="tail"?>
<?detailed-description description="Detailed Description" end="lead"?>
<heading id="h-0004" level="1">DETAILED DESCRIPTION OF THE INVENTION</heading>
<p id="p-0025" num="0024">The invention provides methods and compositions relating to plants, seeds, and derivatives of pepper hybrid SVPB3274, pepper line SBR-8T18-6549, and pepper line SBR-8T18-6550.</p>
<p id="p-0026" num="0025">Pepper hybrid SVPB3274, also known as 15-8T-BLK-3274, is a sweet bell pepper variety that develops a semi-spreading plant that produces fruit that mature from medium green to dark red.</p>
<p id="p-0027" num="0026">Pepper line SBR-8T18-6549 is a sweet bell pepper variety that develops a semi-spreading plant that produces fruit that mature from medium green to dark red.</p>
<p id="p-0028" num="0027">Pepper line SBR-8T18-6550 is a sweet bell pepper variety that develops a compact plant that produces fruit that mature from medium green to dark red.</p>
<heading id="h-0005" level="1">A. Origin and Breeding History of Pepper Hybrid SVPB3274</heading>
<p id="p-0029" num="0028">The parents of pepper hybrid SVPB3274 are pepper line SBR-8T18-6549 and pepper line SBR-8T18-6550. The parent lines are uniform and stable, as is a hybrid produced therefrom. A small percentage of variants can occur within commercially acceptable limits for almost any characteristic during the course of repeated multiplication. However no variants are expected.</p>
<heading id="h-0006" level="1">B. Physiological and Morphological Characteristics of Pepper Hybrid SVPB3274, Pepper Line SBR-8T18-6549, and Pepper Line SBR-8T18-6550</heading>
<p id="p-0030" num="0029">In accordance with one aspect of the present invention, there are provided plants having the physiological and morphological characteristics of pepper hybrid SVPB3274 and the parent lines thereof. Descriptions of the physiological and morphological characteristics of such plants are presented in the table that follows.</p>
<p id="p-0031" num="0000">
<tables id="TABLE-US-00001" num="00001">
<table frame="none" colsep="0" rowsep="0" pgwide="1">
<tgroup align="left" colsep="0" rowsep="0" cols="1">
<colspec colname="1" colwidth="329pt" align="center"/>
<thead>
<row>
<entry namest="1" nameend="1" rowsep="1">TABLE 1</entry>
</row>
</thead>
<tbody valign="top">
<row>
<entry namest="1" nameend="1" align="center" rowsep="1"/>
</row>
<row>
<entry>Physiological and Morphological Characteristics of Pepper Hybrid SVPB3274, </entry>
</row>
<row>
<entry>Pepper Line SBR-8T18-6549, and Pepper Line SBR-8T18-6550</entry>
</row>
</tbody>
</tgroup>
<tgroup align="left" colsep="0" rowsep="0" cols="2">
<colspec colname="1" colwidth="105pt" align="left"/>
<colspec colname="2" colwidth="224pt" align="center"/>
<tbody valign="top">
<row>
<entry/>
<entry>CHARACTERISTIC</entry>
</row>
</tbody>
</tgroup>
<tgroup align="left" colsep="0" rowsep="0" cols="5">
<colspec colname="1" colwidth="105pt" align="left"/>
<colspec colname="2" colwidth="56pt" align="center"/>
<colspec colname="3" colwidth="56pt" align="center"/>
<colspec colname="4" colwidth="56pt" align="center"/>
<colspec colname="5" colwidth="56pt" align="center"/>
<tbody valign="top">
<row>
<entry/>
<entry>SVPB3274</entry>
<entry>SBR-8T18-6549</entry>
<entry>SBR-8T18-6550</entry>
<entry>Early Cal Wonder</entry>
</row>
<row>
<entry namest="1" nameend="5" align="center" rowsep="1"/>
</row>
<row>
<entry>Species</entry>
<entry><i>C. annuum</i></entry>
<entry><i>C. annuum</i></entry>
<entry><i>C. annuum</i></entry>
<entry><i>C. annuum</i></entry>
</row>
<row>
<entry>Maturity (region of best</entry>
<entry/>
<entry/>
<entry/>
<entry/>
</row>
<row>
<entry>adaptability)</entry>
<entry/>
<entry/>
<entry/>
<entry/>
</row>
<row>
<entry>transplanting until mature green</entry>
<entry>67</entry>
<entry>69</entry>
<entry>73</entry>
<entry>69</entry>
</row>
<row>
<entry>stage (days)</entry>
<entry/>
<entry/>
<entry/>
<entry/>
</row>
<row>
<entry>transplanting until mature red or</entry>
<entry>88</entry>
<entry>88</entry>
<entry>88</entry>
<entry>85</entry>
</row>
<row>
<entry>yellow stage (days)</entry>
<entry/>
<entry/>
<entry/>
<entry/>
</row>
<row>
<entry>direct seeding until mature green</entry>
<entry>108</entry>
<entry>110</entry>
<entry>114</entry>
<entry>110</entry>
</row>
<row>
<entry>stage (days)</entry>
<entry/>
<entry/>
<entry/>
<entry/>
</row>
<row>
<entry>direct seeding until mature red or</entry>
<entry>129</entry>
<entry>129</entry>
<entry>129</entry>
<entry>126</entry>
</row>
<row>
<entry>yellow stage (days)</entry>
<entry/>
<entry/>
<entry/>
<entry/>
</row>
<row>
<entry>beginning of flowering (first flower</entry>
<entry>early</entry>
<entry>early</entry>
<entry>early</entry>
<entry>early</entry>
</row>
<row>
<entry>on second flowering node)</entry>
<entry/>
<entry/>
<entry/>
<entry/>
</row>
<row>
<entry>time of maturity</entry>
<entry>medium</entry>
<entry>early</entry>
<entry>medium</entry>
<entry>early</entry>
</row>
<row>
<entry>Plant</entry>
<entry/>
<entry/>
<entry/>
<entry/>
</row>
<row>
<entry>habit</entry>
<entry>semi-spreading</entry>
<entry>semi-spreading</entry>
<entry>compact</entry>
<entry>semi-spreading</entry>
</row>
<row>
<entry>attitude</entry>
<entry>upright/erect</entry>
<entry>upright/erect</entry>
<entry>upright/erect</entry>
<entry>semi-upright/</entry>
</row>
<row>
<entry/>
<entry/>
<entry/>
<entry/>
<entry>semi-erect</entry>
</row>
<row>
<entry>height (cm)</entry>
<entry>48.65</entry>
<entry>49.17</entry>
<entry>33.27</entry>
<entry>46.22</entry>
</row>
<row>
<entry>width (cm)</entry>
<entry>45.12</entry>
<entry>50.29</entry>
<entry>40.24</entry>
<entry>50.28</entry>
</row>
<row>
<entry>length of stem from cotyledon to</entry>
<entry>16.35</entry>
<entry>13.84</entry>
<entry>14.00</entry>
<entry>14.79</entry>
</row>
<row>
<entry>first flower (cm)</entry>
<entry/>
<entry/>
<entry/>
<entry/>
</row>
<row>
<entry>length of the third internode (from</entry>
<entry>258.17</entry>
<entry>159.77</entry>
<entry>141.67</entry>
<entry>149.73</entry>
</row>
<row>
<entry>soil surface) (mm)</entry>
<entry/>
<entry/>
<entry/>
<entry/>
</row>
<row>
<entry>length of stem</entry>
<entry>medium</entry>
<entry>medium</entry>
<entry>medium</entry>
<entry>medium</entry>
</row>
<row>
<entry>shortened internode (upper part)</entry>
<entry>present</entry>
<entry>present</entry>
<entry>present</entry>
<entry>present</entry>
</row>
<row>
<entry>number of internodes between first</entry>
<entry>one to three</entry>
<entry>one to three</entry>
<entry>one to three</entry>
<entry>one to three</entry>
</row>
<row>
<entry>flower and shortened internodes</entry>
<entry/>
<entry/>
<entry/>
<entry/>
</row>
<row>
<entry>(varieties with shortened internodes</entry>
<entry/>
<entry/>
<entry/>
<entry/>
</row>
<row>
<entry>only)</entry>
<entry/>
<entry/>
<entry/>
<entry/>
</row>
<row>
<entry>hairiness of stem nodes</entry>
<entry>absent or very</entry>
<entry>medium</entry>
<entry>absent or very</entry>
<entry>absent or very</entry>
</row>
<row>
<entry/>
<entry>weak</entry>
<entry/>
<entry>weak</entry>
<entry>weak</entry>
</row>
<row>
<entry>height</entry>
<entry>medium</entry>
<entry>medium</entry>
<entry>short</entry>
<entry>medium</entry>
</row>
<row>
<entry>basal branches</entry>
<entry>none</entry>
<entry>many (more than</entry>
<entry>none</entry>
<entry>many (more than</entry>
</row>
<row>
<entry/>
<entry/>
<entry>three)</entry>
<entry/>
<entry>three)</entry>
</row>
<row>
<entry>branch flexibility</entry>
<entry>willowy</entry>
<entry>willowy</entry>
<entry>willowy</entry>
<entry>willowy</entry>
</row>
<row>
<entry>stem strength (breakage resistance)</entry>
<entry>strong</entry>
<entry>intermediate</entry>
<entry>intermediate</entry>
<entry>strong</entry>
</row>
<row>
<entry>Leaf</entry>
<entry/>
<entry/>
<entry/>
<entry/>
</row>
<row>
<entry>blade length</entry>
<entry>medium</entry>
<entry>medium</entry>
<entry>medium</entry>
<entry>medium</entry>
</row>
<row>
<entry>blade width</entry>
<entry>medium</entry>
<entry>medium</entry>
<entry>medium</entry>
<entry>medium</entry>
</row>
<row>
<entry>width (mm)</entry>
<entry>69.80</entry>
<entry>63.67</entry>
<entry>65.27</entry>
<entry>55.34</entry>
</row>
<row>
<entry>length (mm)</entry>
<entry>115.25</entry>
<entry>105.50</entry>
<entry>119.08</entry>
<entry>110.18</entry>
</row>
<row>
<entry>petiole length (mm)</entry>
<entry>48.07</entry>
<entry>46.97</entry>
<entry>31.27</entry>
<entry>39.53</entry>
</row>
<row>
<entry>color</entry>
<entry>medium green</entry>
<entry>medium green</entry>
<entry>medium green</entry>
<entry>dark green</entry>
</row>
<row>
<entry>color (RHS Color Chart Value)</entry>
<entry>137A</entry>
<entry>137A</entry>
<entry>137B</entry>
<entry>147A</entry>
</row>
<row>
<entry>intensity of green color</entry>
<entry>medium</entry>
<entry>medium</entry>
<entry>medium</entry>
<entry>dark</entry>
</row>
<row>
<entry>mature shape</entry>
<entry>ovate</entry>
<entry>ovate</entry>
<entry>ovate</entry>
<entry>ovate</entry>
</row>
<row>
<entry>leaf and stem pubescence</entry>
<entry>absent</entry>
<entry>absent</entry>
<entry>absent</entry>
<entry>absent</entry>
</row>
<row>
<entry>undulation of margin</entry>
<entry>medium</entry>
<entry>medium</entry>
<entry>medium</entry>
<entry>weak</entry>
</row>
<row>
<entry>blistering</entry>
<entry>medium</entry>
<entry>strong</entry>
<entry>medium</entry>
<entry>medium</entry>
</row>
<row>
<entry>profile in cross section</entry>
<entry>moderately</entry>
<entry>moderately</entry>
<entry>moderately</entry>
<entry>moderately</entry>
</row>
<row>
<entry/>
<entry>concave</entry>
<entry>concave</entry>
<entry>concave</entry>
<entry>concave</entry>
</row>
<row>
<entry>glossiness</entry>
<entry>weak</entry>
<entry>weak</entry>
<entry>weak</entry>
<entry>medium</entry>
</row>
<row>
<entry>Flower</entry>
<entry/>
<entry/>
<entry/>
<entry/>
</row>
<row>
<entry>peduncle attitude</entry>
<entry>semi-drooping</entry>
<entry>semi-drooping</entry>
<entry>semi-drooping</entry>
<entry>erect</entry>
</row>
<row>
<entry>flowers per leaf axil</entry>
<entry>1.00</entry>
<entry>1.22</entry>
<entry>1.00</entry>
<entry>1.00</entry>
</row>
<row>
<entry>calyx lobes</entry>
<entry>6.77</entry>
<entry>6.77</entry>
<entry>6.135</entry>
<entry>6.63</entry>
</row>
<row>
<entry>petals</entry>
<entry>6.87</entry>
<entry>6.80</entry>
<entry>6.60</entry>
<entry>6.47</entry>
</row>
<row>
<entry>flower diameter (mm)</entry>
<entry>21.74</entry>
<entry>23.17</entry>
<entry>24.70</entry>
<entry>25.17</entry>
</row>
<row>
<entry>corolla color</entry>
<entry>white</entry>
<entry>white</entry>
<entry>white</entry>
<entry>white</entry>
</row>
<row>
<entry>corolla throat markings</entry>
<entry>yellow</entry>
<entry>yellow</entry>
<entry>yellow</entry>
<entry>yellow</entry>
</row>
<row>
<entry>anther color</entry>
<entry>yellow</entry>
<entry>yellow</entry>
<entry>yellow</entry>
<entry>yellow</entry>
</row>
<row>
<entry>style length</entry>
<entry>same as stamen</entry>
<entry>same as stamen</entry>
<entry>same as stamen</entry>
<entry>exceeds stamen</entry>
</row>
<row>
<entry>self-incompatibility</entry>
<entry>absent</entry>
<entry>absent</entry>
<entry>absent</entry>
<entry>absent</entry>
</row>
<row>
<entry>Fruit</entry>
<entry/>
<entry/>
<entry/>
<entry/>
</row>
<row>
<entry>group</entry>
<entry>bell</entry>
<entry>bell</entry>
<entry>bell</entry>
<entry>bell</entry>
</row>
<row>
<entry>fruit color before maturity</entry>
<entry>green</entry>
<entry>green</entry>
<entry>green</entry>
<entry>green</entry>
</row>
<row>
<entry>intensity of color (before maturity)</entry>
<entry>medium</entry>
<entry>medium</entry>
<entry>medium</entry>
<entry>medium</entry>
</row>
<row>
<entry>immature fruit color</entry>
<entry>medium green</entry>
<entry>medium green</entry>
<entry>medium green</entry>
<entry>medium green</entry>
</row>
<row>
<entry>immature color (RHS Color Chart</entry>
<entry>137A</entry>
<entry>137A</entry>
<entry>137B</entry>
<entry>146A</entry>
</row>
<row>
<entry>Value)</entry>
<entry/>
<entry/>
<entry/>
<entry/>
</row>
<row>
<entry>attitude/position</entry>
<entry>drooping/</entry>
<entry>drooping/</entry>
<entry>drooping/</entry>
<entry>horizontal</entry>
</row>
<row>
<entry/>
<entry>pendant</entry>
<entry>pendant</entry>
<entry>pendant</entry>
<entry/>
</row>
<row>
<entry>length</entry>
<entry>medium</entry>
<entry>medium</entry>
<entry>medium</entry>
<entry>long</entry>
</row>
<row>
<entry>diameter</entry>
<entry>very broad</entry>
<entry>broad</entry>
<entry>broad</entry>
<entry>very broad</entry>
</row>
<row>
<entry>ratio length/diameter</entry>
<entry>medium</entry>
<entry>medium</entry>
<entry>small</entry>
<entry>medium</entry>
</row>
<row>
<entry>calyx diameter (mm)</entry>
<entry>32.97</entry>
<entry>34.37</entry>
<entry>28.03</entry>
<entry>29.73</entry>
</row>
<row>
<entry>length (mm)</entry>
<entry>89.23</entry>
<entry>87.72</entry>
<entry>70.18</entry>
<entry>77.36</entry>
</row>
<row>
<entry>diameter at calyx attachment (mm)</entry>
<entry>73.51</entry>
<entry>37.98</entry>
<entry>40.89</entry>
<entry>67.49</entry>
</row>
<row>
<entry>diameter at mid-point (mm)</entry>
<entry>73.29</entry>
<entry>73.26</entry>
<entry>78.19</entry>
<entry>71.06</entry>
</row>
<row>
<entry>flesh thickness at mid-point (mm)</entry>
<entry>5.27</entry>
<entry>6.33</entry>
<entry>6.57</entry>
<entry>4.62</entry>
</row>
<row>
<entry>average number of fruits per plant</entry>
<entry>5.27</entry>
<entry>5.63</entry>
<entry>3.90</entry>
<entry>6.10</entry>
</row>
<row>
<entry>average fruit weight (g)</entry>
<entry>158.53</entry>
<entry>138.44</entry>
<entry>142.47</entry>
<entry>119.37</entry>
</row>
<row>
<entry>shape (longitudinal section)</entry>
<entry>square</entry>
<entry>square</entry>
<entry>square</entry>
<entry>square</entry>
</row>
<row>
<entry>shape (cross section, level of</entry>
<entry>circular</entry>
<entry>quad-rangular</entry>
<entry>circular</entry>
<entry>angular/tri-</entry>
</row>
<row>
<entry>placenta)</entry>
<entry/>
<entry/>
<entry/>
<entry>angular</entry>
</row>
<row>
<entry>sinuation of pericarp (at basal part)</entry>
<entry>absent or very</entry>
<entry>absent or very</entry>
<entry>absent or very</entry>
<entry>medium</entry>
</row>
<row>
<entry/>
<entry>weak</entry>
<entry>weak</entry>
<entry>weak</entry>
<entry/>
</row>
<row>
<entry>sinuation of pericarp (excluding</entry>
<entry>weak</entry>
<entry>weak</entry>
<entry>absent or very</entry>
<entry>medium</entry>
</row>
<row>
<entry>basal part)</entry>
<entry/>
<entry/>
<entry>weak</entry>
<entry/>
</row>
<row>
<entry>surface texture</entry>
<entry>smooth or very</entry>
<entry>smooth or very</entry>
<entry>smooth or very</entry>
<entry>smooth or very</entry>
</row>
<row>
<entry/>
<entry>slightly wrinkled</entry>
<entry>slightly wrinkled</entry>
<entry>slightly wrinkled</entry>
<entry>slightly wrinkled</entry>
</row>
<row>
<entry>surface smoothness</entry>
<entry>smooth</entry>
<entry>smooth</entry>
<entry>smooth</entry>
<entry>smooth</entry>
</row>
<row>
<entry>mature color</entry>
<entry>red</entry>
<entry>red</entry>
<entry>red</entry>
<entry>red</entry>
</row>
<row>
<entry>intensity of color (at maturity)</entry>
<entry>dark</entry>
<entry>dark</entry>
<entry>dark</entry>
<entry>medium</entry>
</row>
<row>
<entry>mature color (RHS Color Chart</entry>
<entry>&#x2002;46A</entry>
<entry>&#x2002;46A</entry>
<entry>&#x2002;46A</entry>
<entry>&#x2002;45A</entry>
</row>
<row>
<entry>Value)</entry>
<entry/>
<entry/>
<entry/>
<entry/>
</row>
<row>
<entry>glossiness</entry>
<entry>moderate</entry>
<entry>moderate</entry>
<entry>moderate</entry>
<entry>shiny</entry>
</row>
<row>
<entry>stalk cavity</entry>
<entry>present</entry>
<entry>present</entry>
<entry>present</entry>
<entry>present</entry>
</row>
<row>
<entry>depth of stalk cavity</entry>
<entry>medium</entry>
<entry>medium</entry>
<entry>medium</entry>
<entry>medium</entry>
</row>
<row>
<entry>average fruit pedicel length (mm)</entry>
<entry>37.80</entry>
<entry>39.67</entry>
<entry>38.37</entry>
<entry>33.50</entry>
</row>
<row>
<entry>average fruit pedicel thickness</entry>
<entry>7.89</entry>
<entry>8.09</entry>
<entry>6.79</entry>
<entry>7.83</entry>
</row>
<row>
<entry>(mm)</entry>
<entry/>
<entry/>
<entry/>
<entry/>
</row>
<row>
<entry>pedicel shape</entry>
<entry>curved</entry>
<entry>curved</entry>
<entry>curved</entry>
<entry>curved</entry>
</row>
<row>
<entry>pedicel cavity</entry>
<entry>present</entry>
<entry>present</entry>
<entry>present</entry>
<entry>present</entry>
</row>
<row>
<entry>average depth of pedicel cavity</entry>
<entry>15.84</entry>
<entry>13.27</entry>
<entry>9.60</entry>
<entry>9.10</entry>
</row>
<row>
<entry>(mm)</entry>
<entry/>
<entry/>
<entry/>
<entry/>
</row>
<row>
<entry>stalk length</entry>
<entry>medium</entry>
<entry>medium</entry>
<entry>medium</entry>
<entry>medium</entry>
</row>
<row>
<entry>stalk thickness</entry>
<entry>medium</entry>
<entry>medium</entry>
<entry>medium</entry>
<entry>thick</entry>
</row>
<row>
<entry>base shape</entry>
<entry>cupped</entry>
<entry>cupped</entry>
<entry>cupped</entry>
<entry>cupped</entry>
</row>
<row>
<entry>apex shape</entry>
<entry>moderately</entry>
<entry>moderately</entry>
<entry>very depressed</entry>
<entry>moderately</entry>
</row>
<row>
<entry/>
<entry>depressed</entry>
<entry>depressed</entry>
<entry/>
<entry>depressed</entry>
</row>
<row>
<entry>apex shape</entry>
<entry>blunt</entry>
<entry>blunt</entry>
<entry>blunt</entry>
<entry>blunt</entry>
</row>
<row>
<entry>shape</entry>
<entry>bell</entry>
<entry>bell</entry>
<entry>bell</entry>
<entry>bell</entry>
</row>
<row>
<entry>set</entry>
<entry>concentrated</entry>
<entry>concentrated</entry>
<entry>concentrated</entry>
<entry>concentrated</entry>
</row>
<row>
<entry>depth of interloculary grooves</entry>
<entry>medium</entry>
<entry>medium</entry>
<entry>shallow</entry>
<entry>shallow</entry>
</row>
<row>
<entry>number of locules</entry>
<entry>predominantly</entry>
<entry>predominantly</entry>
<entry>predominantly</entry>
<entry>equally three and</entry>
</row>
<row>
<entry/>
<entry>four or more</entry>
<entry>four or more</entry>
<entry>four or more</entry>
<entry>four</entry>
</row>
<row>
<entry>fruits with one locule (percentage)</entry>
<entry>&#x2002;0%</entry>
<entry>&#x2002;0%</entry>
<entry>&#x2002;0%</entry>
<entry>&#x2002;0%</entry>
</row>
<row>
<entry>fruits with two locules (percentage)</entry>
<entry>&#x2002;0%</entry>
<entry>&#x2002;0%</entry>
<entry>&#x2002;0%</entry>
<entry>&#x2002;0%</entry>
</row>
<row>
<entry>fruits with three locules</entry>
<entry>27%</entry>
<entry>37%</entry>
<entry>24%</entry>
<entry>44%</entry>
</row>
<row>
<entry>(percentage)</entry>
<entry/>
<entry/>
<entry/>
<entry/>
</row>
<row>
<entry>fruits with four locules (percentage)</entry>
<entry>63%</entry>
<entry>50%</entry>
<entry>60%</entry>
<entry>56%</entry>
</row>
<row>
<entry>fruits with five or more locules</entry>
<entry>11%</entry>
<entry>13%</entry>
<entry>17%</entry>
<entry>&#x2002;0%</entry>
</row>
<row>
<entry>(percentage)</entry>
<entry/>
<entry/>
<entry/>
<entry/>
</row>
<row>
<entry>average number of locules</entry>
<entry>3.87</entry>
<entry>3.77</entry>
<entry>3.93</entry>
<entry>3.57</entry>
</row>
<row>
<entry>thickness of flesh</entry>
<entry>medium</entry>
<entry>thick</entry>
<entry>thick</entry>
<entry>medium</entry>
</row>
<row>
<entry>calyx aspect</entry>
<entry>non-enveloping</entry>
<entry>non-enveloping</entry>
<entry>non-enveloping</entry>
<entry>non-enveloping</entry>
</row>
<row>
<entry>pungency</entry>
<entry>sweet</entry>
<entry>sweet</entry>
<entry>sweet</entry>
<entry>sweet</entry>
</row>
<row>
<entry>capsaicin in placenta</entry>
<entry>absent</entry>
<entry>absent</entry>
<entry>absent</entry>
<entry>absent</entry>
</row>
<row>
<entry>flavor</entry>
<entry>moderate pepper</entry>
<entry>moderate pepper</entry>
<entry>moderate pepper</entry>
<entry>mild pepper</entry>
</row>
<row>
<entry/>
<entry>flavor</entry>
<entry>flavor</entry>
<entry>flavor</entry>
<entry>flavor</entry>
</row>
<row>
<entry>glossiness</entry>
<entry>medium/</entry>
<entry>medium/</entry>
<entry>medium/</entry>
<entry>medium/</entry>
</row>
<row>
<entry/>
<entry>moderate</entry>
<entry>moderate</entry>
<entry>moderate</entry>
<entry>moderate</entry>
</row>
<row>
<entry>Seed</entry>
<entry/>
<entry/>
<entry/>
<entry/>
</row>
<row>
<entry>cavity length (mm)</entry>
<entry>64.48</entry>
<entry>71.14</entry>
<entry>57.15</entry>
<entry>61.25</entry>
</row>
<row>
<entry>cavity diameter (mm)</entry>
<entry>64.85</entry>
<entry>56.81</entry>
<entry>63.48</entry>
<entry>59.25</entry>
</row>
<row>
<entry>placenta length (mm)</entry>
<entry>40.85</entry>
<entry>32.50</entry>
<entry>21.25</entry>
<entry>22.44</entry>
</row>
<row>
<entry>number of seeds per fruit</entry>
<entry>276.50</entry>
<entry>166.64</entry>
<entry>223.10</entry>
<entry>93.34</entry>
</row>
<row>
<entry>grams per 1000 seeds (g)</entry>
<entry>6.84</entry>
<entry>5.78</entry>
<entry>8.23</entry>
<entry>6.01</entry>
</row>
<row>
<entry>color</entry>
<entry>yellow</entry>
<entry>yellow</entry>
<entry>yellow</entry>
<entry>yellow</entry>
</row>
<row>
<entry>Anthocyanin Coloration</entry>
<entry/>
<entry/>
<entry/>
<entry/>
</row>
<row>
<entry>stem</entry>
<entry>absent</entry>
<entry>absent</entry>
<entry>absent</entry>
<entry>weak</entry>
</row>
<row>
<entry>nodes</entry>
<entry>absent</entry>
<entry>weak</entry>
<entry>absent</entry>
<entry>moderate</entry>
</row>
<row>
<entry>intensity of nodes</entry>
<entry>n/a</entry>
<entry>weak</entry>
<entry>n/a</entry>
<entry>strong</entry>
</row>
<row>
<entry>leaf</entry>
<entry>absent</entry>
<entry>absent</entry>
<entry>absent</entry>
<entry>absent</entry>
</row>
<row>
<entry>pedicel</entry>
<entry>absent</entry>
<entry>absent</entry>
<entry>absent</entry>
<entry>absent</entry>
</row>
<row>
<entry>calyx</entry>
<entry>absent</entry>
<entry>absent</entry>
<entry>absent</entry>
<entry>absent</entry>
</row>
<row>
<entry>anther</entry>
<entry>absent</entry>
<entry>absent</entry>
<entry>absent</entry>
<entry>present</entry>
</row>
<row>
<entry>fruit</entry>
<entry>absent</entry>
<entry>absent</entry>
<entry>absent</entry>
<entry>absent</entry>
</row>
<row>
<entry namest="1" nameend="5" align="center" rowsep="1"/>
</row>
<row>
<entry namest="1" nameend="5" align="left" id="FOO-00001">These are typical values. Values may vary due to environment. Values that are substantially equivalent are within the scope of the invention.</entry>
</row>
</tbody>
</tgroup>
</table>
</tables>
</p>
<heading id="h-0007" level="1">C. Breeding Pepper Plants</heading>
<p id="p-0032" num="0030">One aspect of the current invention concerns methods for producing seed of pepper hybrid SVPB3274 involving pepper line SBR-8T18-6549 and pepper line SBR-8T18-6550. Alternatively, in other embodiments of the invention, pepper hybrid SVPB3274, pepper line SBR-8T18-6549, or pepper line SBR-8T18-6550 may be crossed with itself or with any second plant. Such methods can be used for propagation of pepper hybrid SVPB3274, pepper line SBR-8T18-6549, or pepper line SBR-8T18-6550 or can be used to produce plants that are derived from pepper hybrid SVPB3274, pepper line SBR-8T18-6549, or pepper line SBR-8T18-6550. Plants derived from pepper hybrid SVPB3274, pepper line SBR-8T18-6549, or pepper line SBR-8T18-6550 may be used, in certain embodiments, for the development of new pepper varieties.</p>
<p id="p-0033" num="0031">The development of new varieties using one or more starting varieties is well-known in the art. In accordance with the invention, novel varieties may be created by crossing pepper hybrid SVPB3274 followed by multiple generations of breeding according to such well-known methods. New varieties may be created by crossing with any second plant. In selecting such a second plant to cross for the purpose of developing novel lines, it may be desired to choose those plants which either themselves exhibit one or more selected desirable characteristics or which exhibit the desired characteristic(s) when in hybrid combination. Once initial crosses have been made, inbreeding and selection take place to produce new varieties. For development of a uniform line, often five or more generations of selfing and selection are involved.</p>
<p id="p-0034" num="0032">Uniform lines of new varieties may also be developed by way of double-haploids. This technique allows the creation of true breeding lines without the need for multiple generations of selfing and selection. In this manner true breeding lines can be produced in as little as one generation. Haploid embryos may be produced from microspores, pollen, anther cultures, or ovary cultures. The haploid embryos may then be doubled autonomously, or by chemical treatments (e.g., colchicine treatment). Alternatively, haploid embryos may be grown into haploid plants and treated to induce chromosome doubling. In either case, fertile homozygous plants are obtained. In accordance with the invention, any of such techniques may be used in connection with a plant of the invention and progeny thereof to achieve a homozygous line.</p>
<p id="p-0035" num="0033">Backcrossing can also be used to improve an inbred plant. Backcrossing transfers a specific desirable trait from one inbred or non-inbred source to an inbred that lacks that trait. This can be accomplished, for example, by first crossing a superior inbred (A) (recurrent parent) to a donor inbred (non-recurrent parent), which carries the appropriate locus or loci for the trait in question. The progeny of this cross are then mated back to the superior recurrent parent (A) followed by selection in the resultant progeny for the desired trait to be transferred from the non-recurrent parent. After five or more backcross generations with selection for the desired trait, the progeny have the characteristic being transferred, but are like the superior parent for most or almost all other loci. The last backcross generation would be selfed to give pure breeding progeny for the trait being transferred.</p>
<p id="p-0036" num="0034">The plants of the present invention are particularly well suited for the development of new lines based on the elite nature of the genetic background of the plants. In selecting a second plant to cross with pepper hybrid SVPB3274, pepper line SBR-8T18-6549, or pepper line SBR-8T18-6550 for the purpose of developing novel pepper lines, it will typically be preferred to choose those plants which either themselves exhibit one or more selected desirable characteristics or which exhibit the desired characteristic(s) when in hybrid combination. Examples of desirable traits may include, in specific embodiments, high seed yield, high seed germination, seedling vigor, high fruit yield, disease tolerance or resistance, and adaptability for soil and climate conditions. Consumer-driven traits, such as a fruit shape, color, texture, and taste are other examples of traits that may be incorporated into new lines of pepper plants developed by this invention.</p>
<heading id="h-0008" level="1">D. Further Embodiments of the Invention</heading>
<p id="p-0037" num="0035">In certain aspects of the invention, plants described herein are provided modified to include at least a first desired heritable trait. Such plants may, in one embodiment, be developed by a plant breeding technique called backcrossing, wherein essentially all of the morphological and physiological characteristics of a variety are recovered in addition to a genetic locus transferred into the plant via the backcrossing technique. The term single locus converted plant as used herein refers to those pepper plants which are developed by a plant breeding technique called backcrossing or by genetic engineering, wherein essentially all of the morphological and physiological characteristics of a variety are recovered or conserved in addition to the single locus introduced into the variety via the backcrossing or genetic engineering technique, respectively. By essentially all of the morphological and physiological characteristics, it is meant that the characteristics of a plant are recovered or conserved that are otherwise present when compared in the same environment, other than an occasional variant trait that might arise during backcrossing, introduction of a transgene, or application of a genetic engineering technique.</p>
<p id="p-0038" num="0036">Backcrossing methods can be used with the present invention to improve or introduce a characteristic into the present variety. The parental pepper plant which contributes the locus for the desired characteristic is termed the nonrecurrent or donor parent. This terminology refers to the fact that the nonrecurrent parent is used one time in the backcross protocol and therefore does not recur. The parental pepper plant to which the locus or loci from the nonrecurrent parent are transferred is known as the recurrent parent as it is used for several rounds in the backcrossing protocol.</p>
<p id="p-0039" num="0037">In a typical backcross protocol, the original variety of interest (recurrent parent) is crossed to a second variety (nonrecurrent parent) that carries the single locus of interest to be transferred. The resulting progeny from this cross are then crossed again to the recurrent parent and the process is repeated until a pepper plant is obtained wherein essentially all of the morphological and physiological characteristics of the recurrent parent are recovered in the converted plant, in addition to the single transferred locus from the nonrecurrent parent.</p>
<p id="p-0040" num="0038">The selection of a suitable recurrent parent is an important step for a successful backcrossing procedure. The goal of a backcross protocol is to alter or substitute a single trait or characteristic in the original variety. To accomplish this, a single locus of the recurrent variety is modified or substituted with the desired locus from the nonrecurrent parent, while retaining essentially all of the rest of the desired genetic, and therefore the desired physiological and morphological constitution of the original variety. The choice of the particular nonrecurrent parent will depend on the purpose of the backcross; one of the major purposes is to add some commercially desirable trait to the plant. The exact backcrossing protocol will depend on the characteristic or trait being altered and the genetic distance between the recurrent and nonrecurrent parents. Although backcrossing methods are simplified when the characteristic being transferred is a dominant allele, a recessive allele, or an additive allele (between recessive and dominant), may also be transferred. In this instance it may be necessary to introduce a test of the progeny to determine if the desired characteristic has been successfully transferred.</p>
<p id="p-0041" num="0039">In one embodiment, progeny pepper plants of a backcross in which a plant described herein is the recurrent parent comprise (i) the desired trait from the non-recurrent parent and (ii) all of the physiological and morphological characteristics of pepper the recurrent parent as determined at the 5% significance level when grown in the same environmental conditions.</p>
<p id="p-0042" num="0040">New varieties can also be developed from more than two parents. The technique, known as modified backcrossing, uses different recurrent parents during the backcrossing. Modified backcrossing may be used to replace the original recurrent parent with a variety having certain more desirable characteristics or multiple parents may be used to obtain different desirable characteristics from each.</p>
<p id="p-0043" num="0041">With the development of molecular markers associated with particular traits, it is possible to add additional traits into an established germ line, such as represented here, with the end result being substantially the same base germplasm with the addition of a new trait or traits. Molecular breeding, as described in Moose and Mumm, 2008 (<i>Plant Physiol., </i>147: 969-977), for example, and elsewhere, provides a mechanism for integrating single or multiple traits or QTL into an elite line. This molecular breeding-facilitated movement of a trait or traits into an elite line may encompass incorporation of a particular genomic fragment associated with a particular trait of interest into the elite line by the mechanism of identification of the integrated genomic fragment with the use of flanking or associated marker assays. In the embodiment represented here, one, two, three or four genomic loci, for example, may be integrated into an elite line via this methodology. When this elite line containing the additional loci is further crossed with another parental elite line to produce hybrid offspring, it is possible to then incorporate at least eight separate additional loci into the hybrid. These additional loci may confer, for example, such traits as a disease resistance or a fruit quality trait. In one embodiment, each locus may confer a separate trait. In another embodiment, loci may need to be homozygous and exist in each parent line to confer a trait in the hybrid. In yet another embodiment, multiple loci may be combined to confer a single robust phenotype of a desired trait.</p>
<p id="p-0044" num="0042">Many single locus traits have been identified that are not regularly selected for in the development of a new inbred but that can be improved by backcrossing techniques. Single locus traits may or may not be transgenic; examples of these traits include, but are not limited to, herbicide resistance, resistance to bacterial, fungal, or viral disease, insect resistance, modified fatty acid or carbohydrate metabolism, and altered nutritional quality. These comprise genes generally inherited through the nucleus.</p>
<p id="p-0045" num="0043">Direct selection may be applied where the single locus acts as a dominant trait. For this selection process, the progeny of the initial cross are assayed for viral resistance or the presence of the corresponding gene prior to the backcrossing. Selection eliminates any plants that do not have the desired gene and resistance trait, and only those plants that have the trait are used in the subsequent backcross. This process is then repeated for all additional backcross generations.</p>
<p id="p-0046" num="0044">Selection of pepper plants for breeding is not necessarily dependent on the phenotype of a plant and instead can be based on genetic investigations. For example, one can utilize a suitable genetic marker which is closely genetically linked to a trait of interest. One of these markers can be used to identify the presence or absence of a trait in the offspring of a particular cross, and can be used in selection of progeny for continued breeding. This technique is commonly referred to as marker assisted selection. Any other type of genetic marker or other assay which is able to identify the relative presence or absence of a trait of interest in a plant can also be useful for breeding purposes. Procedures for marker assisted selection are well known in the art. Such methods will be of particular utility in the case of recessive traits and variable phenotypes, or where conventional assays may be more expensive, time consuming, or otherwise disadvantageous. In addition, marker assisted selection may be used to identify plants comprising desirable genotypes at the seed, seedling, or plant stage, to identify or assess the purity of a cultivar, to catalog the genetic diversity of a germplasm collection, and to monitor specific alleles or haplotypes within an established cultivar.</p>
<p id="p-0047" num="0045">Types of genetic markers which could be used in accordance with the invention include, but are not necessarily limited to, Simple Sequence Length Polymorphisms (SSLPs) (Williams et al., <i>Nucleic Acids Res., </i>1 8:6531-6535, 1990), Randomly Amplified Polymorphic DNAs (RAPDs), DNA Amplification Fingerprinting (DAF), Sequence Characterized Amplified Regions (SCARs), Arbitrary Primed Polymerase Chain Reaction (AP-PCR), Amplified Fragment Length Polymorphisms (AFLPs) (EP 534 858, specifically incorporated herein by reference in its entirety), and Single Nucleotide Polymorphisms (SNPs) (Wang et al., <i>Science, </i>280:1077-1082, 1998).</p>
<p id="p-0048" num="0046">In particular embodiments of the invention, marker assisted selection is used to increase the efficiency of a backcrossing breeding scheme for producing a pepper line comprising a desired trait. This technique is commonly referred to as marker assisted backcrossing (MABC). This technique is well-known in the art and may involve, for example, the use of three or more levels of selection, including foreground selection to identity the presence of a desired locus, which may complement or replace phenotype screening protocols; recombinant selection to minimize linkage drag; and background selection to maximize recurrent parent genome recovery.</p>
<heading id="h-0009" level="1">E. Plants Derived by Genetic Engineering</heading>
<p id="p-0049" num="0047">Various genetic engineering technologies have been developed and may be used by those of skill in the art to introduce traits in plants. In certain aspects of the claimed invention, traits are introduced into pepper plants via altering or introducing a single genetic locus or transgene into the genome of a recited variety or progenitor thereof. Methods of genetic engineering to modify, delete, or insert genes and polynucleotides into the genomic DNA of plants are well-known in the art.</p>
<p id="p-0050" num="0048">In specific embodiments of the invention, improved pepper lines can be created through the site-specific modification of a plant genome. Methods of genetic engineering include, for example, utilizing sequence-specific nucleases such as zinc-finger nucleases (see, for example, U.S. Pat. Appl. Pub. No. 2011-0203012); engineered or native meganucleases; TALE-endonucleases (see, for example, U.S. Pat. Nos. 8,586,363 and 9,181,535); and RNA-guided endonucleases, such as those of the CRISPR/Cas systems (see, for example, U.S. Pat. Nos. 8,697,359 and 8,771,945 and U.S. Pat. Appl. Pub. No. 2014-0068797). One embodiment of the invention thus relates to utilizing a nuclease or any associated protein to carry out genome modification. This nuclease could be provided heterologously within donor template DNA for templated-genomic editing or in a separate molecule or vector. A recombinant DNA construct may also comprise a sequence encoding one or more guide RNAs to direct the nuclease to the site within the plant genome to be modified. Further methods for altering or introducing a single genetic locus include, for example, utilizing single-stranded oligonucleotides to introduce base pair modifications in a pepper plant genome (see, for example Sauer et al., <i>Plant Physiol, </i>170(4):1917-1928, 2016).</p>
<p id="p-0051" num="0049">Methods for site-directed alteration or introduction of a single genetic locus are well-known in the art and include those that utilize sequence-specific nucleases, such as the aforementioned, or complexes of proteins and guide-RNA that cut genomic DNA to produce a double-strand break (DSB) or nick at a genetic locus. As is well-understood in the art, during the process of repairing the DSB or nick introduced by the nuclease enzyme, a donor template, transgene, or expression cassette polynucleotide may become integrated into the genome at the site of the DSB or nick. The presence of homology arms in the DNA to be integrated may promote the adoption and targeting of the insertion sequence into the plant genome during the repair process through homologous recombination or non-homologous end joining (NHEJ).</p>
<p id="p-0052" num="0050">In another embodiment of the invention, genetic transformation may be used to insert a selected transgene into a plant of the invention or may, alternatively, be used for the preparation of transgenes which can be introduced by backcrossing. Methods for the transformation of plants that are well-known to those of skill in the art and applicable to many crop species include, but are not limited to, electroporation, microprojectile bombardment, <i>Agrobacterium</i>-mediated transformation, and direct DNA uptake by protoplasts.</p>
<p id="p-0053" num="0051">To effect transformation by electroporation, one may employ either friable tissues, such as a suspension culture of cells or embryogenic callus or alternatively one may transform immature embryos or other organized tissue directly. In this technique, one would partially degrade the cell walls of the chosen cells by exposing them to pectin-degrading enzymes (pectolyases) or mechanically wound tissues in a controlled manner.</p>
<p id="p-0054" num="0052">An efficient method for delivering transforming DNA segments to plant cells is microprojectile bombardment. In this method, particles are coated with nucleic acids and delivered into cells by a propelling force. Exemplary particles include those comprised of tungsten, platinum, and preferably, gold. For the bombardment, cells in suspension are concentrated on filters or solid culture medium. Alternatively, immature embryos or other target cells may be arranged on solid culture medium. The cells to be bombarded are positioned at an appropriate distance below the macroprojectile stopping plate.</p>
<p id="p-0055" num="0053">An illustrative embodiment of a method for delivering DNA into plant cells by acceleration is the Biolistics Particle Delivery System, which can be used to propel particles coated with DNA or cells through a screen, such as a stainless steel or Nytex screen, onto a surface covered with target cells. The screen disperses the particles so that they are not delivered to the recipient cells in large aggregates. Microprojectile bombardment techniques are widely applicable, and may be used to transform virtually any plant species.</p>
<p id="p-0056" num="0054"><i>Agrobacterium</i>-mediated transfer is another widely applicable system for introducing gene loci into plant cells. An advantage of the technique is that DNA can be introduced into whole plant tissues, thereby bypassing the need for regeneration of an intact plant from a protoplast. Modern <i>Agrobacterium </i>transformation vectors are capable of replication in <i>E. coli </i>as well as <i>Agrobacterium, </i>allowing for convenient manipulations (Klee et al., <i>Nat. Biotechnol., </i>3(7):637-642, 1985). Moreover, recent technological advances in vectors for <i>Agrobacterium</i>-mediated gene transfer have improved the arrangement of genes and restriction sites in the vectors to facilitate the construction of vectors capable of expressing various polypeptide coding genes. The vectors described have convenient multi-linker regions flanked by a promoter and a polyadenylation site for direct expression of inserted polypeptide coding genes. Additionally, <i>Agrobacterium </i>containing both armed and disarmed Ti genes can be used for transformation.</p>
<p id="p-0057" num="0055">In those plant strains where <i>Agrobacterium</i>-mediated transformation is efficient, it is the method of choice because of the facile and defined nature of the gene locus transfer. The use of <i>Agrobacterium</i>-mediated plant integrating vectors to introduce DNA into plant cells is well known in the art (Fraley et al., <i>Nat. Biotechnol., </i>3:629-635, 1985; U.S. Pat. No. 5,563,055).</p>
<p id="p-0058" num="0056">Transformation of plant protoplasts also can be achieved using methods based on calcium phosphate precipitation, polyethylene glycol treatment, electroporation, and combinations of these treatments (see, for example, Potrykus et al., <i>Mol. Gen. Genet., </i>199:183-188, 1985; Omirulleh et al., <i>Plant Mol. Biol., </i>21(3):415-428, 1993; Fromm et al., <i>Nature, </i>312:791-793, 1986; Uchimiya et al., <i>Mol. Gen. Genet., </i>204:204, 1986; Marcotte et al., <i>Nature, </i>335:454, 1988). Transformation of plants and expression of foreign genetic elements is exemplified in Choi et al. (<i>Plant Cell Rep., </i>13:344-348, 1994), and Ellul et al. (<i>Theor. Appl. Genet., </i>107:462-469, 2003).</p>
<p id="p-0059" num="0057">A number of promoters have utility for plant gene expression for any gene of interest including but not limited to selectable markers, scoreable markers, genes for pest tolerance, disease resistance, nutritional enhancements and any other gene of agronomic interest. Examples of constitutive promoters useful for plant gene expression include, but are not limited to, the cauliflower mosaic virus (CaMV) P-35S promoter, which confers constitutive, high-level expression in most plant tissues (see, for example, Odel et al., <i>Nature, </i>313:810, 1985), including in monocots (see, for example, Dekeyser et al., <i>Plant Cell, </i>2:591, 1990; Terada and Shimamoto, <i>Mol. Gen. Genet., </i>220:389, 1990); a tandemly duplicated version of the CaMV 35S promoter, the enhanced 35S promoter (P-e35S); the nopaline synthase promoter (An et al., <i>Plant Physiol., </i>88:547, 1988); the octopine synthase promoter (Fromm et al., <i>Plant Cell, </i>1:977, 1989); the figwort mosaic virus (P-FMV) promoter as described in U.S. Pat. No. 5,378,619; an enhanced version of the FMV promoter (P-eFMV) where the promoter sequence of P-FMV is duplicated in tandem; the cauliflower mosaic virus 19S promoter; a sugarcane bacilliform virus promoter; a commelina yellow mottle virus promoter; and other plant virus promoters known to express in plant cells.</p>
<p id="p-0060" num="0058">A variety of plant gene promoters that are regulated in response to environmental, hormonal, chemical, or developmental signals can also be used for expression of an operably linked gene in plant cells, including promoters regulated by (1) heat (Callis et al., <i>Plant Physiol., </i>88:965, 1988), (2) light (e.g., pea rbcS-3A promoter, Kuhlemeier et al., <i>Plant Cell, </i>1:471, 1989; maize rbcS promoter, Schaffner and Sheen, <i>Plant Cell, </i>3:997, 1991; or chlorophyll a/b-binding protein promoter, Simpson et al., <i>EMBO J., </i>4:2723, 1985), (3) hormones, such as abscisic acid (Marcotte et al., <i>Plant Cell, </i>1:969, 1989), (4) wounding (e.g., wunl, Siebertz et al., <i>Plant Cell, </i>1:961, 1989); or (5) chemicals, such as methyl jasmonate, salicylic acid, or Safener. It may also be advantageous to employ organ-specific promoters (e.g., Roshal et al., <i>EMBO J., </i>6:1155, 1987; Schernthaner et al., <i>EMBO J., </i>7:1249, 1988; Bustos et al., <i>Plant Cell, </i>1:839, 1989).</p>
<p id="p-0061" num="0059">Exemplary nucleic acids which may be introduced to plants of this invention include, for example, DNA sequences or genes from another species, or even genes or sequences which originate with or are present in the same species, but are incorporated into recipient cells by genetic engineering methods rather than classical reproduction or breeding techniques. However, the term &#x201c;exogenous&#x201d; is also intended to refer to genes that are not normally present in the cell being transformed, or perhaps simply not present in the form, structure, etc., as found in the transforming DNA segment or gene, or genes which are normally present and that one desires to express in a manner that differs from the natural expression pattern, e.g., to over-express. Thus, the term &#x201c;exogenous&#x201d; gene or DNA is intended to refer to any gene or DNA segment that is introduced into a recipient cell, regardless of whether a similar gene may already be present in such a cell. The type of DNA included in the exogenous DNA can include DNA which is already present in the plant cell, DNA from another plant, DNA from a different organism, or a DNA generated externally, such as a DNA sequence containing an antisense message of a gene, or a DNA sequence encoding a synthetic or modified version of a gene.</p>
<p id="p-0062" num="0060">Many hundreds if not thousands of different genes are known and could potentially be introduced into a pepper plant according to the invention. Non-limiting examples of particular genes and corresponding phenotypes one may choose to introduce into a pepper plant include one or more genes for insect tolerance, such as a <i>Bacillus thuringiensis </i>(B.t.) gene, pest tolerance such as genes for fungal disease control, herbicide tolerance such as genes conferring glyphosate tolerance, and genes for quality improvements such as yield, nutritional enhancements, environmental or stress tolerances, or any desirable changes in plant physiology, growth, development, morphology or plant product(s). For example, structural genes would include any gene that confers insect tolerance including but not limited to a <i>Bacillus </i>insect control protein gene as described in WO 99/31248, herein incorporated by reference in its entirety, U.S. Pat. No. 5,689,052, herein incorporated by reference in its entirety, U.S. Pat. Nos. 5,500,365 and 5,880,275, herein incorporated by reference in their entirety. In another embodiment, the structural gene can confer tolerance to the herbicide glyphosate as conferred by genes including, but not limited to <i>Agrobacterium </i>strain CP4 glyphosate resistant EPSPS gene (aroA:CP4) as described in U.S. Pat. No. 5,633,435, herein incorporated by reference in its entirety, or glyphosate oxidoreductase gene (GOX) as described in U.S. Pat. No. 5,463,175, herein incorporated by reference in its entirety.</p>
<p id="p-0063" num="0061">Alternatively, the DNA coding sequences can affect these phenotypes by encoding a non-translatable RNA molecule that causes the targeted inhibition of expression of an endogenous gene, for example via antisense- or cosuppression-mediated mechanisms (see, for example, Bird et al., <i>Biotech. Gen. Engin. Rev., </i>9:207, 1991). The RNA could also be a catalytic RNA molecule (i.e., a ribozyme) engineered to cleave a desired endogenous mRNA product (see, for example, Gibson and Shillito, <i>Mol. Biotech., </i>7:125, 1997). Thus, any gene which produces a protein or mRNA which expresses a phenotype or morphology change of interest is useful for the practice of the present invention.</p>
<heading id="h-0010" level="1">F. Definitions</heading>
<p id="p-0064" num="0062">In the description and table herein, a number of terms are used. In order to provide a clear and consistent understanding of the specification and claims, the following definitions are provided:</p>
<p id="p-0065" num="0063">Allele: Any of one or more alternative forms of a genetic locus, all of which alleles relate to one trait or characteristic. In a diploid cell or organism, the two alleles of a given gene occupy corresponding loci on a pair of homologous chromosomes.</p>
<p id="p-0066" num="0064">Backcrossing: A process in which a breeder repeatedly crosses hybrid progeny, for example a first generation hybrid (F<sub>1</sub>), back to one of the parents of the hybrid progeny. Backcrossing can be used to introduce one or more single locus conversions or transgenes from one genetic background into another.</p>
<p id="p-0067" num="0065">Crossing: The mating of two parent plants.</p>
<p id="p-0068" num="0066">Cross-Pollination: Fertilization by the union of two gametes from different plants.</p>
<p id="p-0069" num="0067">Diploid: A cell or organism having two sets of chromosomes.</p>
<p id="p-0070" num="0068">Emasculate: The removal of plant male sex organs or the inactivation of the organs with a cytoplasmic or nuclear genetic factor or a chemical agent conferring male sterility.</p>
<p id="p-0071" num="0069">Enzymes: Molecules which can act as catalysts in biological reactions.</p>
<p id="p-0072" num="0070">F<sub>1 </sub>Hybrid: The first generation progeny of the cross of two nonisogenic plants.</p>
<p id="p-0073" num="0071">Genotype: The genetic constitution of a cell or organism.</p>
<p id="p-0074" num="0072">Haploid: A cell or organism having one set of the two sets of chromosomes in a diploid.</p>
<p id="p-0075" num="0073">Linkage: A phenomenon wherein alleles on the same chromosome tend to segregate together more often than expected by chance if their transmission was independent.</p>
<p id="p-0076" num="0074">Marker: A readily detectable phenotype, preferably inherited in codominant fashion (both alleles at a locus in a diploid heterozygote are readily detectable), with no environmental variance component, i.e., heritability of 1.</p>
<p id="p-0077" num="0075">Phenotype: The detectable characteristics of a cell or organism, which characteristics are the manifestation of gene expression.</p>
<p id="p-0078" num="0076">Quantitative Trait Loci (QTL): Quantitative trait loci (QTL) refer to genetic loci that control to some degree numerically representable traits that are usually continuously distributed.</p>
<p id="p-0079" num="0077">Resistance: As used herein, the terms &#x201c;resistance&#x201d; and &#x201c;tolerance&#x201d; are used interchangeably to describe plants that show no symptoms to a specified biotic pest, pathogen, abiotic influence, or environmental condition. These terms are also used to describe plants showing some symptoms but that are still able to produce marketable product with an acceptable yield. Some plants that are referred to as resistant or tolerant are only so in the sense that they may still produce a crop, even though the plants are stunted and the yield is reduced.</p>
<p id="p-0080" num="0078">Regeneration: The development of a plant from tissue culture.</p>
<p id="p-0081" num="0079">Royal Horticultural Society (RHS) Color Chart Value: The RHS Color Chart is a standardized reference which allows accurate identification of any color. A color's designation on the chart describes its hue, brightness, and saturation. A color is precisely named by the RHS Color Chart by identifying the group name, sheet number, and letter, e.g., Yellow-Orange Group 19A or Red Group 41B.</p>
<p id="p-0082" num="0080">Self-Pollination: The transfer of pollen from the anther to the stigma of the same plant.</p>
<p id="p-0083" num="0081">Single Locus Converted (Conversion) Plant: Plants which are developed by a plant breeding technique called backcrossing or genetic engineering of a locus, wherein essentially all of the morphological and physiological characteristics of a pepper variety are recovered in addition to the characteristics of the single locus.</p>
<p id="p-0084" num="0082">Substantially Equivalent: A characteristic that, when compared, does not show a statistically significant difference (e.g., p=0.05) from the mean.</p>
<p id="p-0085" num="0083">Tissue Culture: A composition comprising isolated cells of the same or a different type or a collection of such cells organized into parts of a plant.</p>
<p id="p-0086" num="0084">Transgene: A genetic locus comprising a sequence which has been introduced into the genome of a pepper plant by transformation or site-specific modification.</p>
<heading id="h-0011" level="1">G. Deposit Information</heading>
<p id="p-0087" num="0085">A deposit of at least 625 seeds of pepper line SBR-8T18-6549 and pepper line SBR-8T18-6550, disclosed above and recited in the claims, has been made with the Provasoli-Guillard National Center for Marine Algae and Microbiota (NCMA), 60 Bigelow Drive, East Boothbay, Me., 04544 USA. The date of deposit for those deposited seeds of pepper line SBR-8T18-6549 and pepper line SBR-8T18-6550 is December 10, 2021. The accession numbers for those deposited seeds of pepper line SBR-8T18-6549 and pepper line SBR-8T18-6550 are NCMA Accession No. 202112007 and NCMA Accession No. 202112008, respectively. Upon issuance of a patent, all restrictions upon the deposits will be removed, and the deposits are intended to meet all of the requirements of 37 C.F.R. &#xa7;&#xa7; 1.801-1.809. The deposits have been accepted under the Budapest Treaty and will be maintained in the depository for a period of 30 years, 5 years after the last request, or the effective life of the patent, whichever is longer, and will be replaced if necessary during that period.</p>
<p id="p-0088" num="0086">Although the foregoing invention has been described in some detail by way of illustration and example for purposes of clarity and understanding, it will be obvious that certain changes and modifications may be practiced within the scope of the invention, as limited only by the scope of the appended claims.</p>
<p id="p-0089" num="0087">All references cited herein are hereby expressly incorporated herein by reference.</p>
<?detailed-description description="Detailed Description" end="tail"?>
</description>
<us-claim-statement>What is claimed:</us-claim-statement>
<claims id="claims">
<claim id="CLM-00001" num="00001">
<claim-text><b>1</b>. A pepper plant comprising at least a first set of the chromosomes of pepper line SBR-8T18-6549 or pepper line SBR-8T18-6550, a sample of seed of said lines having been deposited under NCMA Accession No. 202112007 and NCMA Accession No. 202112008, respectively.</claim-text>
</claim>
<claim id="CLM-00002" num="00002">
<claim-text><b>2</b>. A pepper seed that produces the plant of <claim-ref idref="CLM-00001">claim 1</claim-ref>.</claim-text>
</claim>
<claim id="CLM-00003" num="00003">
<claim-text><b>3</b>. The plant of <claim-ref idref="CLM-00001">claim 1</claim-ref>, wherein the plant is a plant of said pepper line SBR-8T18-6549 or pepper line SBR-8T18-6550.</claim-text>
</claim>
<claim id="CLM-00004" num="00004">
<claim-text><b>4</b>. The plant of <claim-ref idref="CLM-00001">claim 1</claim-ref>, wherein the plant is a plant of pepper hybrid SVPB3274.</claim-text>
</claim>
<claim id="CLM-00005" num="00005">
<claim-text><b>5</b>. The seed of <claim-ref idref="CLM-00002">claim 2</claim-ref>, wherein the seed is a seed of said pepper line SBR-8T18-6549 or pepper line SBR-8T18-6550.</claim-text>
</claim>
<claim id="CLM-00006" num="00006">
<claim-text><b>6</b>. The seed of <claim-ref idref="CLM-00002">claim 2</claim-ref>, wherein the seed is a seed of pepper hybrid SVPB3274.</claim-text>
</claim>
<claim id="CLM-00007" num="00007">
<claim-text><b>7</b>. A plant part of the plant of <claim-ref idref="CLM-00001">claim 1</claim-ref>, wherein the plant part comprises a cell of said plant.</claim-text>
</claim>
<claim id="CLM-00008" num="00008">
<claim-text><b>8</b>. A pepper plant having all the physiological and morphological characteristics of the plant of <claim-ref idref="CLM-00001">claim 1</claim-ref>.</claim-text>
</claim>
<claim id="CLM-00009" num="00009">
<claim-text><b>9</b>. A tissue culture of regenerable cells of the plant of <claim-ref idref="CLM-00001">claim 1</claim-ref>.</claim-text>
</claim>
<claim id="CLM-00010" num="00010">
<claim-text><b>10</b>. A method of vegetatively propagating the plant of <claim-ref idref="CLM-00001">claim 1</claim-ref>, the method comprising the steps of:
<claim-text>(a) collecting tissue capable of being propagated from the plant of <claim-ref idref="CLM-00001">claim 1</claim-ref>; and</claim-text>
<claim-text>(b) propagating a pepper plant from said tissue.</claim-text>
</claim-text>
</claim>
<claim id="CLM-00011" num="00011">
<claim-text><b>11</b>. A method of introducing a trait into a pepper line, the method comprising:
<claim-text>(a) utilizing as a recurrent parent the plant of <claim-ref idref="CLM-00001">claim 1</claim-ref> by crossing said plant with a donor plant that comprises a trait to produce F<sub>1 </sub>progeny;</claim-text>
<claim-text>(b) selecting an F<sub>1 </sub>progeny that comprises the trait;</claim-text>
<claim-text>(c) backcrossing the selected F<sub>1 </sub>progeny with a plant of the same line used as the recurrent parent in step (a) to produce backcross progeny;</claim-text>
<claim-text>(d) selecting a backcross progeny comprising the trait and the morphological and physiological characteristics of the recurrent parent line used in step (a); and</claim-text>
<claim-text>(e) repeating steps (c) and (d) three or more times to produce a selected fourth or higher backcross progeny.</claim-text>
</claim-text>
</claim>
<claim id="CLM-00012" num="00012">
<claim-text><b>12</b>. A pepper plant produced by the method of <claim-ref idref="CLM-00011">claim 11</claim-ref>.</claim-text>
</claim>
<claim id="CLM-00013" num="00013">
<claim-text><b>13</b>. A method of producing a pepper plant comprising an added trait, the method comprising introducing a transgene conferring the trait into the plant of <claim-ref idref="CLM-00001">claim 1</claim-ref>.</claim-text>
</claim>
<claim id="CLM-00014" num="00014">
<claim-text><b>14</b>. A pepper plant produced by the method of <claim-ref idref="CLM-00013">claim 13</claim-ref>.</claim-text>
</claim>
<claim id="CLM-00015" num="00015">
<claim-text><b>15</b>. A pepper plant comprising at least a first set of the chromosomes of pepper line SBR-8T18-6549 or pepper line SBR-8T18-6550, a sample of seed of said lines having been deposited under NCMA Accession No. 202112007 and NCMA Accession No. 202112008, respectively, further comprising a transgene.</claim-text>
</claim>
<claim id="CLM-00016" num="00016">
<claim-text><b>16</b>. The plant of <claim-ref idref="CLM-00015">claim 15</claim-ref>, wherein the transgene confers a trait selected from the group consisting of male sterility, herbicide tolerance, insect resistance, pest resistance, disease resistance, modified fatty acid metabolism, environmental stress tolerance, modified carbohydrate metabolism, and modified protein metabolism.</claim-text>
</claim>
<claim id="CLM-00017" num="00017">
<claim-text><b>17</b>. A pepper plant comprising at least a first set of the chromosomes of pepper line SBR-8T18-6549 or pepper line SBR-8T18-6550, a sample of seed of said lines having been deposited under NCMA Accession No. 202112007 and NCMA Accession No. 202112008, respectively, further comprising a single locus conversion.</claim-text>
</claim>
<claim id="CLM-00018" num="00018">
<claim-text><b>18</b>. The plant of <claim-ref idref="CLM-00017">claim 17</claim-ref>, wherein the single locus conversion confers a trait selected from the group consisting of male sterility, herbicide tolerance, insect resistance, pest resistance, disease resistance, modified fatty acid metabolism, environmental stress tolerance, modified carbohydrate metabolism, and modified protein metabolism.</claim-text>
</claim>
<claim id="CLM-00019" num="00019">
<claim-text><b>19</b>. A method for producing a seed of a pepper plant derived from at least one of pepper hybrid SVPB3274, pepper line SBR-8T18-6549, or pepper line SBR-8T18-6550, the method comprising the steps of:
<claim-text>(a) crossing the plant of <claim-ref idref="CLM-00001">claim 1</claim-ref> with itself or a second pepper plant; and</claim-text>
<claim-text>(b) allowing a seed of a hybrid SVPB3274-, pepper line SBR-8T18-6549-, or pepper line SBR-8T18-6550-derived pepper plant to form.</claim-text>
</claim-text>
</claim>
<claim id="CLM-00020" num="00020">
<claim-text><b>20</b>. A method of producing a seed of a pepper hybrid SVPB3274-, pepper line SBR-8T18-6549-, or pepper line SBR-8T18-6550-derived pepper plant, the method comprising the steps of:
<claim-text>(a) producing a pepper hybrid SVPB3274-, pepper line SBR-8T18-6549-, or pepper line SBR-8T18-6550-derived pepper plant from a seed produced by crossing the plant of <claim-ref idref="CLM-00001">claim 1</claim-ref> with itself or a different pepper plant; and</claim-text>
<claim-text>(b) crossing the pepper hybrid SVPB3274-, pepper line SBR-8T18-6549-, or pepper line SBR-8T18-6550-derived pepper plant with itself or a different pepper plant to obtain a seed of a further pepper hybrid SVPB3274-, pepper line SBR-8T18-6549, or pepper line SBR-8T18-6550-derived pepper plant.</claim-text>
</claim-text>
</claim>
<claim id="CLM-00021" num="00021">
<claim-text><b>21</b>. The method of <claim-ref idref="CLM-00020">claim 20</claim-ref>, the method further comprising repeating said producing and crossing steps of (a) and (b) using the seed from said step (b) for producing the plant according to step (a) for at least one generation to produce a seed of an additional pepper hybrid SVPB3274-, pepper line SBR-8T18-6549-, or pepper line SBR-8T18-6550-derived pepper plant.</claim-text>
</claim>
<claim id="CLM-00022" num="00022">
<claim-text><b>22</b>. A method of producing a pepper fruit, the method comprising:
<claim-text>(a) obtaining the plant of <claim-ref idref="CLM-00001">claim 1</claim-ref>, wherein the plant has been cultivated to maturity; and</claim-text>
<claim-text>(b) collecting a pepper fruit from the plant.</claim-text>
</claim-text>
</claim>
</claims>
</us-patent-application>
