<?xml version="1.0" encoding="UTF-8"?>
<!DOCTYPE us-patent-application SYSTEM "us-patent-application-v46-2022-02-17.dtd" [ ]>
<us-patent-application lang="EN" dtd-version="v4.6 2022-02-17" file="US20230225503A1-20230720.XML" status="PRODUCTION" id="us-patent-application" country="US" date-produced="20230704" date-publ="20230720">
<us-bibliographic-data-application lang="EN" country="US">
<publication-reference>
<document-id>
<country>US</country>
<doc-number>20230225503</doc-number>
<kind>A1</kind>
<date>20230720</date>
</document-id>
</publication-reference>
<application-reference appl-type="utility">
<document-id>
<country>US</country>
<doc-number>18089290</doc-number>
<date>20221227</date>
</document-id>
</application-reference>
<us-application-series-code>18</us-application-series-code>
<priority-claims>
<priority-claim sequence="01" kind="national">
<country>CN</country>
<doc-number>202220114622.7</doc-number>
<date>20220117</date>
</priority-claim>
</priority-claims>
<classifications-ipcr>
<classification-ipcr>
<ipc-version-indicator><date>20060101</date></ipc-version-indicator>
<classification-level>A</classification-level>
<section>A</section>
<class>47</class>
<subclass>B</subclass>
<main-group>21</main-group>
<subgroup>00</subgroup>
<symbol-position>F</symbol-position>
<classification-value>I</classification-value>
<action-date><date>20230720</date></action-date>
<generating-office><country>US</country></generating-office>
<classification-status>B</classification-status>
<classification-data-source>H</classification-data-source>
</classification-ipcr>
<classification-ipcr>
<ipc-version-indicator><date>20060101</date></ipc-version-indicator>
<classification-level>A</classification-level>
<section>A</section>
<class>47</class>
<subclass>B</subclass>
<main-group>13</main-group>
<subgroup>02</subgroup>
<symbol-position>L</symbol-position>
<classification-value>I</classification-value>
<action-date><date>20230720</date></action-date>
<generating-office><country>US</country></generating-office>
<classification-status>B</classification-status>
<classification-data-source>H</classification-data-source>
</classification-ipcr>
</classifications-ipcr>
<classifications-cpc>
<main-cpc>
<classification-cpc>
<cpc-version-indicator><date>20130101</date></cpc-version-indicator>
<section>A</section>
<class>47</class>
<subclass>B</subclass>
<main-group>21</main-group>
<subgroup>00</subgroup>
<symbol-position>F</symbol-position>
<classification-value>I</classification-value>
<action-date><date>20230720</date></action-date>
<generating-office><country>US</country></generating-office>
<classification-status>B</classification-status>
<classification-data-source>H</classification-data-source>
<scheme-origination-code>C</scheme-origination-code>
</classification-cpc>
</main-cpc>
<further-cpc>
<classification-cpc>
<cpc-version-indicator><date>20130101</date></cpc-version-indicator>
<section>A</section>
<class>47</class>
<subclass>B</subclass>
<main-group>13</main-group>
<subgroup>02</subgroup>
<symbol-position>L</symbol-position>
<classification-value>I</classification-value>
<action-date><date>20230720</date></action-date>
<generating-office><country>US</country></generating-office>
<classification-status>B</classification-status>
<classification-data-source>H</classification-data-source>
<scheme-origination-code>C</scheme-origination-code>
</classification-cpc>
<classification-cpc>
<cpc-version-indicator><date>20130101</date></cpc-version-indicator>
<section>A</section>
<class>47</class>
<subclass>B</subclass>
<main-group>2200</main-group>
<subgroup>0019</subgroup>
<symbol-position>L</symbol-position>
<classification-value>A</classification-value>
<action-date><date>20230720</date></action-date>
<generating-office><country>US</country></generating-office>
<classification-status>B</classification-status>
<classification-data-source>H</classification-data-source>
<scheme-origination-code>C</scheme-origination-code>
</classification-cpc>
<classification-cpc>
<cpc-version-indicator><date>20130101</date></cpc-version-indicator>
<section>A</section>
<class>47</class>
<subclass>B</subclass>
<main-group>2200</main-group>
<subgroup>0084</subgroup>
<symbol-position>L</symbol-position>
<classification-value>A</classification-value>
<action-date><date>20230720</date></action-date>
<generating-office><country>US</country></generating-office>
<classification-status>B</classification-status>
<classification-data-source>H</classification-data-source>
<scheme-origination-code>C</scheme-origination-code>
</classification-cpc>
</further-cpc>
</classifications-cpc>
<invention-title id="d2e61">OFFICE DESK WITH DUAL FUNCTIONS AS A DESK AND AN EXERCISE MACHINE</invention-title>
<us-parties>
<us-applicants>
<us-applicant sequence="00" app-type="applicant" designation="us-only" applicant-authority-category="assignee">
<addressbook>
<orgname>Futaijing Precision Electronics (Yantai) Co., Ltd.</orgname>
<address>
<city>Yantai</city>
<country>CN</country>
</address>
</addressbook>
<residence>
<country>CN</country>
</residence>
</us-applicant>
<us-applicant sequence="01" app-type="applicant" designation="us-only" applicant-authority-category="assignee">
<addressbook>
<orgname>HON HAI PRECISION INDUSTRY CO., LTD.</orgname>
<address>
<city>New Taipei</city>
<country>TW</country>
</address>
</addressbook>
<residence>
<country>TW</country>
</residence>
</us-applicant>
</us-applicants>
<inventors>
<inventor sequence="00" designation="us-only">
<addressbook>
<last-name>YU</last-name>
<first-name>HAN-CHUNG</first-name>
<address>
<city>New Taipei</city>
<country>TW</country>
</address>
</addressbook>
</inventor>
</inventors>
</us-parties>
</us-bibliographic-data-application>
<abstract id="abstract">
<p id="p-0001" num="0000">An office desk also serving as an exercise machine for the user includes a table board, a support assembly, a weight plate assembly, and a transmission assembly. The movable table board is attached on the support pillar. The weight plate assembly is suspended below the table board. The transmission assembly includes a drive rod assembly, a transmission roller, and a transmission wire. The transmission roller is connected to a side of the support pillar. The transmission wire is connected to the table board, the transmission roller, and the drive rod assembly. The drive rod assembly can be pushed/pressed by the user, the transmission roller driving the table board and the weight plate assembly to move. User can step on the drive rod assembly at any time to lift the weights and achieve fitness.</p>
</abstract>
<drawings id="DRAWINGS">
<figure id="Fig-EMI-D00000" num="00000">
<img id="EMI-D00000" he="143.26mm" wi="146.56mm" file="US20230225503A1-20230720-D00000.TIF" alt="embedded image" img-content="drawing" img-format="tif"/>
</figure>
<figure id="Fig-EMI-D00001" num="00001">
<img id="EMI-D00001" he="186.77mm" wi="148.59mm" file="US20230225503A1-20230720-D00001.TIF" alt="embedded image" img-content="drawing" img-format="tif"/>
</figure>
<figure id="Fig-EMI-D00002" num="00002">
<img id="EMI-D00002" he="178.99mm" wi="148.67mm" file="US20230225503A1-20230720-D00002.TIF" alt="embedded image" img-content="drawing" img-format="tif"/>
</figure>
<figure id="Fig-EMI-D00003" num="00003">
<img id="EMI-D00003" he="161.80mm" wi="135.13mm" file="US20230225503A1-20230720-D00003.TIF" alt="embedded image" img-content="drawing" img-format="tif"/>
</figure>
</drawings>
<description id="description">
<?summary-of-invention description="Summary of Invention" end="lead"?>
<p id="p-0002" num="0001">The subject matter herein relates to technical field of human wellness, especially relates to an office desk with dual functions as a desk and an exercise machine.</p>
<heading id="h-0001" level="1">BACKGROUND</heading>
<p id="p-0003" num="0002">People can be very busy in their work, spend much of their time at their desk, and have little time to travel and exercise. Especially for students and office workers who remain seated for a long time, free time to exercise time is reduced, which can seriously affect their physical and mental health. Space in offices and homes may be limited, and there may be no space to install fitness equipment at offices or at home, thus exercise opportunities under these conditions are rare.</p>
<?summary-of-invention description="Summary of Invention" end="tail"?>
<?brief-description-of-drawings description="Brief Description of Drawings" end="lead"?>
<description-of-drawings>
<heading id="h-0002" level="1">BRIEF DESCRIPTION OF THE DRAWINGS</heading>
<p id="p-0004" num="0003">Many aspects of the disclosure can be better understood with reference to the following drawings. The components in the drawings are not necessarily drawn to scale, the emphasis instead being placed upon clearly illustrating the principles of the disclosure. Moreover, in the drawings, like reference numerals designate corresponding portions throughout the several views.</p>
<p id="p-0005" num="0004"><figref idref="DRAWINGS">FIG. <b>1</b></figref> is a schematic drawing of an office desk with dual functions in an embodiment according to the present disclosure.</p>
<p id="p-0006" num="0005"><figref idref="DRAWINGS">FIG. <b>2</b></figref> is a schematic drawing viewed from another direction of the office desk with dual functions of <figref idref="DRAWINGS">FIG. <b>1</b></figref>.</p>
<p id="p-0007" num="0006"><figref idref="DRAWINGS">FIG. <b>3</b></figref> is a front view of the office desk with dual functions of <figref idref="DRAWINGS">FIG. <b>1</b></figref>.</p>
</description-of-drawings>
<?brief-description-of-drawings description="Brief Description of Drawings" end="tail"?>
<?detailed-description description="Detailed Description" end="lead"?>
<heading id="h-0003" level="1">DESCRIPTION OF MAIN COMPONENTS OR ELEMENTS</heading>
<p id="p-0008" num="0007">Office desk with dual functions <b>100</b>;
<br/>
Table board <b>10</b>;
<br/>
Through groove <b>11</b>;
<br/>
First through hole <b>12</b>;
<br/>
Second through hole <b>13</b>;
<br/>
Support assembly <b>20</b>;
<br/>
Bottom plate <b>21</b>;
<br/>
Support pillar <b>22</b>;
<br/>
Positioning member <b>23</b>;
<br/>
Weight plate assembly <b>30</b>;
<br/>
Connecting wire <b>31</b>;
<br/>
Weight plate <b>32</b>;
<br/>
Positioning board <b>33</b>;
<br/>
Transmission assembly <b>40</b>;
<br/>
Drive rod assembly <b>41</b>;
</p>
<heading id="h-0004" level="2">Frame <b>411</b>;</heading>
<p id="p-0009" num="0008">Rotating shaft <b>412</b>;
<br/>
Transmission member <b>413</b>;
</p>
<heading id="h-0005" level="2">Drive rod <b>414</b>;</heading>
<p id="p-0010" num="0009">First connecting rod <b>415</b>;
<br/>
Second connecting rod <b>416</b>;
<br/>
Transmission roller <b>42</b>;
<br/>
First roller <b>421</b>;
<br/>
Second roller <b>422</b>;
<br/>
Transmission wire <b>43</b>;
</p>
<heading id="h-0006" level="2">First end <b>431</b>;</heading>
<heading id="h-0007" level="2">Second end <b>432</b>;</heading>
<p id="p-0011" num="0010">Abutting member <b>433</b>.</p>
<heading id="h-0008" level="1">DETAILED DESCRIPTION</heading>
<p id="p-0012" num="0011">In order to make the above-mentioned objects, features, and advantages of the present disclosure more obvious, specific embodiments of the present disclosure will be described with reference to the accompanying drawings. The present disclosure can be implemented in ways different from those described herein, and those skilled in the art can make similar improvements without violating the contents of the present disclosure. Therefore, the present disclosure is not to be considered as limiting the scope of the embodiments to those described herein.</p>
<p id="p-0013" num="0012">Several definitions that apply throughout this disclosure will now be presented.</p>
<p id="p-0014" num="0013">Unless otherwise defined, all technical and scientific terms used herein have the same meaning as commonly understood by one skilled in the art. The terms used in the present disclosure herein are only for describing specific embodiments, and are not intended to limit the present disclosure.</p>
<p id="p-0015" num="0014">Referring to <figref idref="DRAWINGS">FIG. <b>1</b></figref>, an office desk with dual functions <b>100</b> as a desk and an exercise machine is disclosed, which includes a table board <b>10</b>, a support assembly <b>20</b>, a weight plate assembly <b>30</b>, and a transmission assembly <b>40</b>. The table board <b>10</b> is configured for office work or study. The support assembly <b>20</b> includes a bottom plate <b>21</b> and a support pillar <b>22</b>. The table <b>10</b> is movably attached on the support pillar <b>22</b>. The weight plate assembly <b>30</b> is suspended below the table board <b>10</b>. The transmission assembly <b>40</b> includes a drive rod assembly <b>41</b>, a transmission roller <b>42</b>, and a transmission wire <b>43</b>. The transmission roller <b>42</b> is connected to a side of the support pillar <b>22</b>. The transmission wire <b>43</b> is connected to the table board <b>10</b>, the transmission roller <b>42</b>, and the drive rod assembly <b>41</b>. The drive rod assembly <b>41</b> can receive muscle power and transmit the power through the transmission wire <b>41</b> and the transmission roller <b>42</b> to drive the table board <b>10</b> and the weight plate assembly <b>30</b> to move. Therefore, user can drive the table board <b>10</b> and the weight plate assembly <b>30</b> to move by stepping on and forcing the drive rod assembly <b>41</b> as weight-bearing exercises and achieve fitness during a break in working or studying.</p>
<p id="p-0016" num="0015">Referring to <figref idref="DRAWINGS">FIG. <b>2</b></figref> and <figref idref="DRAWINGS">FIG. <b>3</b></figref>, in an embodiment of the present application, a through groove <b>11</b> is defined on the table board <b>10</b>. An end of the support pillar <b>22</b> is connected to the bottom plate <b>22</b>, other end of the support pillar <b>22</b> penetrates the through groove <b>11</b>. A positioning member <b>23</b> is fixed on a side of the support pillar <b>22</b>. The positioning member <b>23</b> is under the table board <b>10</b>, and supports the table board <b>10</b>. In other embodiments, two support pillars <b>22</b> are symmetrically arranged on the bottom plate <b>21</b>. Two through grooves <b>11</b>, two weight assemblies <b>30</b>, and two transmission assemblies <b>40</b> are all arranged to correspond one-by-one with the support pillars <b>22</b>. When there is no force applied on the drive rod assembly <b>41</b>, the table board <b>10</b> naturally falls back under gravity of the bar assembly <b>30</b>, and the table board <b>10</b> is supported by the positioning member <b>23</b>.</p>
<p id="p-0017" num="0016">Furthermore, the weight plate assembly <b>30</b> includes a connecting wire <b>31</b>, weight plates <b>32</b>, and a positioning board <b>33</b>. The connecting wire <b>31</b> is connected between the weight plates <b>32</b> and the table board <b>10</b>. The positioning board <b>33</b> is positioned at a bottom of the weight plates <b>32</b>, and the positioning board <b>33</b> is connected to the support pillar <b>22</b>. The positioning board <b>33</b> is configured to support the weight plates <b>32</b>. When there is no force applied on the drive rod assembly <b>41</b>, the weight plates <b>32</b> are carried by the positioning board <b>33</b>, the weight plates <b>32</b> do not generate excessive tension on the table board <b>10</b>, reducing long-term stress and possible deformation of the table board <b>10</b>.</p>
<p id="p-0018" num="0017">The weight plates <b>32</b> is in an annular structure, substantially in the form of a square structure, which is conducive to saving space under the table <b>10</b>. The weight plates <b>32</b> are arranged in layers, and the connecting wire <b>31</b> penetrates and connects the weight plates <b>32</b> arranged in layers. The weight plates <b>32</b> are sleeved on the support pillar <b>22</b>, so that the weight plates <b>32</b> can move up and down the support pillar <b>22</b>, improving stability of the weight plates <b>32</b> when in motion.</p>
<p id="p-0019" num="0018">In an embodiment of the present application, the transmission roller <b>42</b> includes a first roller <b>421</b> and a second roller <b>422</b>. The first roller <b>421</b> is located above the table board <b>10</b>, and the second roller <b>422</b> is located below the positioning board <b>33</b>. The transmission wire <b>43</b> wraps around the first roller <b>421</b> and the second roller <b>422</b> in sequence. The first roller <b>421</b> and the second roller <b>422</b> can be rotatably connected to a same side of the support pillar <b>22</b> to prevent the transmission wire <b>43</b> from winding around the support pillar <b>22</b> and affecting movement of the weight plate assembly <b>30</b>.</p>
<p id="p-0020" num="0019">Furthermore, a first through hole <b>12</b> is defined on the table board <b>10</b>. A main portion of the transmission wire <b>43</b> penetrates the first through hole <b>12</b>, and two ends of the main portion of the transmission wire <b>43</b> wrap around the first roller <b>421</b> and the second roller <b>422</b> respectively. A first end <b>431</b> of the transmission wire <b>43</b> is connected to the table board <b>10</b>. A second end <b>432</b> of the transmission wire <b>43</b> is connected to the drive rod assembly <b>41</b>. The first roller <b>421</b> and the second roller <b>422</b> operate as fixed pulleys to assist the movement of transmission wire <b>43</b>.</p>
<p id="p-0021" num="0020">Furthermore, a second through hole <b>13</b> is defined on the table board <b>10</b>, the first end <b>431</b> of the transmission wire <b>43</b> penetrates the second through hole <b>13</b>. An abutting member <b>433</b> is fixed at the first end <b>431</b>. The abutting member <b>433</b> is located below the table board <b>10</b> and configured to abut against the table board <b>10</b> to limit the first end <b>431</b>, so that the transmission wire <b>43</b> can connect with the table board <b>10</b>.</p>
<p id="p-0022" num="0021">In an embodiment of the present application, the drive rod assembly <b>41</b> includes a frame <b>411</b>, a rotating shaft <b>412</b>, a transmission member <b>413</b>, and a drive rod <b>414</b>. The frame <b>411</b> is fixed on the bottom plate <b>21</b>. The rotating shaft <b>412</b> is rotatably arranged on the frame <b>411</b>. The transmission member <b>413</b> is connected to an end of the rotating shaft <b>412</b>, and the transmission member <b>413</b> is connected to the second end <b>432</b> of the transmission wire <b>43</b>. The drive rod <b>414</b> is connected to other end of the rotating shaft. When stepping on or pushing the drive rod <b>414</b>, the drive rod <b>414</b> pulls the transmission wire <b>43</b> through the rotating shaft <b>412</b>, thereby driving the table board <b>10</b> and the weight plate assembly <b>30</b> to move up and down.</p>
<p id="p-0023" num="0022">Furthermore, the drive rod assembly <b>41</b> includes a first connecting rod <b>415</b> and a second connecting rod <b>416</b>. The axes of the drive rod <b>414</b>, the rotating shaft <b>412</b>, and the transmission member <b>413</b> are substantially parallel. The first connecting rod <b>415</b> is arranged between the rotating shaft <b>412</b> and the drive rod <b>414</b>. The second connecting rod <b>416</b> is arranged between the rotating shaft <b>412</b> and the transmission member <b>413</b>. In the present disclosure, the first connecting rod <b>415</b> is vertically connected with the rotating shaft <b>412</b> and the drive rod <b>414</b>. The second connecting rod <b>416</b> is vertically connected with the rotating shaft <b>412</b> and the transmission member <b>413</b>. Therefore, when the drive rod <b>414</b> is pushed or stepped on, the rotating shaft <b>412</b> and the transmission member <b>413</b> rotate synchronously under action of the lever.</p>
<p id="p-0024" num="0023">In an embodiment of the present application, an obtuse angle is formed between an axial direction of the first connecting rod <b>415</b> and an axial direction of the second connecting rod <b>416</b>. A range of motion of the transmission member <b>413</b> is thus increased, extending the stroke of the weight plates <b>32</b> in a single process and improving intensity of exercise.</p>
<p id="p-0025" num="0024">Even though information and advantages of the present embodiments have been set forth in the foregoing description, together with details of the structures and functions of the present embodiments, the disclosure is illustrative only. Changes may be made in detail, especially in matters of shape, size, and arrangement of portions within the principles of the present embodiments to the full extent indicated by the plain meaning of the terms in which the appended claims are expressed.</p>
<?detailed-description description="Detailed Description" end="tail"?>
</description>
<us-claim-statement>What is claimed is:</us-claim-statement>
<claims id="claims">
<claim id="CLM-00001" num="00001">
<claim-text><b>1</b>. An office desk with dual functions comprising:
<claim-text>a table board;</claim-text>
<claim-text>a support assembly, wherein the support assembly comprises a bottom plate and at least one support pillar, the table board is moveably attached on the at least one support pillar;</claim-text>
<claim-text>at least one weight plate assembly, suspended below the table board; and</claim-text>
<claim-text>at least one transmission assembly, wherein each of the at least one transmission assembly comprises a drive rod assembly, a transmission roller, and a transmission wire, the transmission roller is arranged at a side of the support pillar, the transmission wire is connected to the table board, the transmission roller and the weight plate assembly, the drive rod assembly is configured to receive power and transmit power through the transmission wire and the transmission roller to drive the table board and the weight plate assembly to move.</claim-text>
</claim-text>
</claim>
<claim id="CLM-00002" num="00002">
<claim-text><b>2</b>. The office desk with dual functions of <claim-ref idref="CLM-00001">claim 1</claim-ref>, wherein at least one through groove is defined on the table board, the at least one through groove is correspondingly positioned relative to the at least one support pillar; an end of the at least one support pillar is connected to the bottom plate, another end of the at least one support pillar penetrates the at least one through groove; the table board is moveably sleeved on the at least one support pillar.</claim-text>
</claim>
<claim id="CLM-00003" num="00003">
<claim-text><b>3</b>. The office desk with dual functions of <claim-ref idref="CLM-00002">claim 2</claim-ref>, wherein a positioning member is fixed on a side of the at least one support pillar, the positioning member is under the table board, and configured to support the table board.</claim-text>
</claim>
<claim id="CLM-00004" num="00004">
<claim-text><b>4</b>. The office desk with dual functions of <claim-ref idref="CLM-00001">claim 1</claim-ref>, wherein the at least one weight plate assembly comprises a connecting wire, weight plates, and a positioning board, the connecting wire is connected between the weight plates and the table board, the positioning board is positioned at a bottom of the weight plates, and the positioning board is connected to the support pillar.</claim-text>
</claim>
<claim id="CLM-00005" num="00005">
<claim-text><b>5</b>. The office desk with dual functions of <claim-ref idref="CLM-00004">claim 4</claim-ref>, wherein a plurality of the weight plates are arranged in layers, the connecting wire penetrates and connects the plurality of weight plates arranged in layers.</claim-text>
</claim>
<claim id="CLM-00006" num="00006">
<claim-text><b>6</b>. The office desk with dual functions of <claim-ref idref="CLM-00005">claim 5</claim-ref>, wherein the plurality of weight plates are moveably sleeved on the support pillar.</claim-text>
</claim>
<claim id="CLM-00007" num="00007">
<claim-text><b>7</b>. The office desk with dual functions of <claim-ref idref="CLM-00004">claim 4</claim-ref>, wherein the transmission roller comprises a first roller and a second roller, the first roller is located above the table board, and the second roller is located below the positioning board; the transmission wire wraps around the first roller and the second roller in sequence.</claim-text>
</claim>
<claim id="CLM-00008" num="00008">
<claim-text><b>8</b>. The office desk with dual functions of <claim-ref idref="CLM-00007">claim 7</claim-ref>, wherein the first roller and the second roller are rotatably connected to a same side of the at least one support pillar.</claim-text>
</claim>
<claim id="CLM-00009" num="00009">
<claim-text><b>9</b>. The office desk with dual functions of <claim-ref idref="CLM-00007">claim 7</claim-ref>, wherein a first through hole is defined on the table board, a main portion of the transmission wire penetrates the first through hole, and the main portion of the transmission wire wraps around the first roller and the second roller.</claim-text>
</claim>
<claim id="CLM-00010" num="00010">
<claim-text><b>10</b>. The office desk with dual functions of <claim-ref idref="CLM-00009">claim 9</claim-ref>, wherein the transmission wire comprises a first end and a second end, the main portion of the transmission wire is connected between the first end and the second end, the first end is connected to the table board, the second end is connected to the drive rod assembly.</claim-text>
</claim>
<claim id="CLM-00011" num="00011">
<claim-text><b>11</b>. The office desk with dual functions of <claim-ref idref="CLM-00010">claim 10</claim-ref>, wherein a second through hole is defined on the table board, the first end penetrates the second through hole, an abutting member is fixed at the first end, the abutting member is located below the table board and abutted against the table board.</claim-text>
</claim>
<claim id="CLM-00012" num="00012">
<claim-text><b>12</b>. The office desk with dual functions of <claim-ref idref="CLM-00001">claim 1</claim-ref>, wherein the drive rod assembly comprises a frame, a rotating shaft, a transmission member, and a drive rod, the frame is fixed on the bottom plate, the rotating shaft is rotatably arranged on the frame, the transmission member is connected to an end of the rotating shaft, and the transmission member is connected to the transmission wire, the drive rod is connected to an other end of the rotating shaft.</claim-text>
</claim>
<claim id="CLM-00013" num="00013">
<claim-text><b>13</b>. The office desk with dual functions of <claim-ref idref="CLM-00012">claim 12</claim-ref>, wherein the drive rod assembly comprises a first connecting rod and a second connecting rod, the first connecting rod is arranged between the rotating shaft and the drive rod, the second connecting rod is arranged between the rotating shaft and the transmission member.</claim-text>
</claim>
<claim id="CLM-00014" num="00014">
<claim-text><b>14</b>. The office desk with dual functions of <claim-ref idref="CLM-00013">claim 13</claim-ref>, wherein axes of the drive rod, the rotating shaft and the transmission member are substantially parallel, the first connecting rod is vertically connected with the rotating shaft and the drive rod, the second connecting rod is vertically connected with the rotating shaft and the transmission member.</claim-text>
</claim>
<claim id="CLM-00015" num="00015">
<claim-text><b>15</b>. The office desk with dual functions of <claim-ref idref="CLM-00013">claim 13</claim-ref>, wherein an obtuse angle is formed between an axial direction of the first connecting rod and an axial direction of the second connecting rod.</claim-text>
</claim>
<claim id="CLM-00016" num="00016">
<claim-text><b>16</b>. The office desk with dual functions of <claim-ref idref="CLM-00001">claim 1</claim-ref>, wherein the office desk with dual functions comprises two support pillars, two weight assemblies, and two transmission assemblies, the two support pillars are symmetrically arranged on the bottom plate, the two weight assemblies and the two transmission assemblies are correspondingly arranged in a one-to-one relationship with the support pillars.</claim-text>
</claim>
</claims>
</us-patent-application>
